Education,Marital_Status,Income,Recency,NumDealsPurchases,NumWebVisitsMonth,Complain,Response,Age,Customer_Days,Children,Total_Spending,Cluster,AcceptedCampaigns,TotalPurchases
2,4,58138.0,58,3,7,0,1,69,4867,0,1617,1,0,22
2,4,46344.0,38,2,5,0,0,72,4317,2,27,2,0,4
2,5,71613.0,26,1,4,0,0,61,4516,0,776,1,0,20
2,5,26646.0,26,2,6,0,0,42,4343,1,53,2,0,6
4,3,58293.0,94,5,5,0,0,45,4365,1,422,0,0,14
3,5,62513.0,16,2,6,0,0,59,4497,1,716,0,0,20
2,2,55635.0,34,4,6,0,0,55,4797,1,590,0,0,17
4,3,33454.0,32,2,8,0,0,41,4621,1,169,2,0,8
4,5,30351.0,19,1,9,0,1,52,4592,1,46,2,0,5
4,5,5648.0,68,1,20,0,0,76,4312,2,49,2,1,1
2,3,51381.5,11,1,7,0,0,43,4430,1,19,2,0,3
1,3,7500.0,59,1,8,0,0,50,4797,0,61,2,0,5
2,2,63033.0,82,1,2,0,0,67,4430,0,1102,1,0,15
3,2,59354.0,53,3,6,0,0,74,4430,2,310,0,0,12
2,3,17323.0,38,1,8,0,0,39,4831,0,46,2,0,4
4,4,82800.0,23,1,3,0,1,80,4786,0,1315,3,2,25
2,3,41850.0,51,3,8,0,0,46,4756,2,96,2,0,6
2,5,37760.0,20,2,7,0,0,80,4871,0,317,0,0,11
3,3,76995.0,91,2,5,0,0,77,4662,1,1782,1,1,24
0,4,33812.0,86,2,6,0,0,41,4807,1,133,2,0,6
2,3,37040.0,41,1,8,0,0,44,4894,0,316,2,0,11
2,3,2447.0,42,15,1,0,0,47,4743,1,1730,0,0,28
4,3,58607.0,63,3,8,0,0,77,4757,1,972,0,1,14
4,3,65324.0,0,3,4,0,0,72,4373,1,544,0,0,17
2,5,40689.0,69,7,8,0,0,75,4672,1,444,0,0,13
2,4,18589.0,89,2,7,0,0,57,4747,0,75,2,0,6
2,3,53359.0,4,4,7,0,0,50,4602,2,257,2,0,10
2,4,51381.5,19,0,1,0,0,40,4698,1,637,1,0,27
2,3,38360.0,26,2,3,0,0,37,4598,1,131,2,0,7
4,3,84618.0,96,1,2,0,0,61,4423,0,1672,1,1,25
3,2,10979.0,34,2,5,0,0,37,4242,0,30,2,0,6
3,5,38620.0,56,1,3,0,0,63,4618,0,318,2,0,10
2,5,40548.0,31,2,5,0,0,56,4831,1,120,2,1,7
4,2,46610.0,8,6,6,0,1,74,4812,2,302,0,0,11
3,3,68657.0,4,1,7,0,0,80,4698,0,1196,1,0,17
3,4,49389.0,55,1,7,0,0,75,4508,2,65,2,0,5
4,3,67353.0,37,5,2,0,0,56,4384,1,913,0,0,23
0,3,23718.0,76,3,7,0,0,50,4504,1,81,2,0,6
2,6,42429.0,99,2,5,0,0,53,4342,1,67,2,0,5
4,2,48948.0,53,2,6,0,1,83,4717,0,902,3,1,22
2,3,80011.0,3,2,4,0,0,46,4630,1,1395,1,0,19
3,3,20559.0,88,2,8,0,0,41,4678,1,53,2,0,5
2,5,21994.0,4,1,5,0,0,69,4756,1,22,2,0,3
4,4,51381.5,80,1,2,0,0,67,4440,0,186,2,0,8
3,3,7500.0,19,3,5,0,0,51,4474,1,31,2,0,5
2,4,79941.0,72,1,1,0,0,50,4205,0,984,1,0,15
0,3,7500.0,24,3,9,0,1,30,4801,0,122,2,0,7
2,5,41728.0,92,1,10,0,0,58,4605,1,55,2,0,4
2,4,51381.5,96,3,6,0,0,75,4383,3,124,2,0,7
4,3,72550.0,39,9,8,0,0,72,4802,2,1319,0,0,19
2,6,65486.0,29,1,2,0,0,69,4252,1,507,0,0,16
3,3,79143.0,2,1,3,0,0,62,4891,0,1693,1,0,28
2,4,35790.0,54,2,7,0,0,49,4747,1,72,2,0,5
2,2,82582.0,54,1,1,0,1,49,4226,0,1617,3,2,20
2,3,66373.0,57,7,3,0,0,48,4586,2,606,0,0,16
3,5,82384.0,55,1,1,0,1,71,4791,0,1957,3,1,26
2,2,70287.0,30,1,3,0,1,60,4657,0,1093,1,0,20
2,4,27938.0,31,1,3,0,0,38,4266,1,29,2,0,5
2,4,51381.5,57,2,6,0,0,44,4581,1,46,2,0,5
4,3,55954.0,63,3,7,0,0,58,4322,1,518,0,0,16
3,4,75777.0,12,1,1,0,1,44,4564,0,1438,3,2,20
2,5,66653.0,18,4,3,0,0,51,4864,2,612,0,0,18
2,4,61823.0,26,4,7,0,0,74,4700,1,884,0,0,20
4,6,67680.0,8,1,5,0,0,75,4587,1,606,0,0,18
2,5,70666.0,29,1,4,0,0,78,4409,0,1076,1,0,15
2,3,25721.0,75,1,7,0,1,55,4608,1,34,2,0,4
2,5,32474.0,0,1,7,0,0,59,4253,2,11,2,0,3
0,4,88194.0,19,1,5,0,1,47,4306,1,1274,3,2,31
2,5,69096.0,4,1,4,0,0,68,4479,1,653,0,0,17
2,5,74854.0,90,7,5,0,0,56,4651,3,1562,0,0,12
3,3,66991.0,1,3,3,0,0,72,4860,0,1253,1,0,18
0,3,51381.5,25,3,8,0,0,53,4857,1,109,2,0,6
2,3,65031.0,29,4,7,0,0,67,4673,1,863,0,0,26
4,3,60631.0,88,5,7,0,0,51,4654,2,661,0,1,19
2,3,28332.0,58,1,2,0,0,74,4264,0,65,2,0,7
2,2,40246.0,68,1,6,0,0,49,4761,1,13,2,0,3
3,3,75251.0,34,1,5,0,1,54,4875,0,1890,1,0,18
2,4,75825.0,40,0,4,0,1,50,4829,0,2209,3,1,22
0,5,26326.0,12,1,3,1,0,50,4502,0,18,2,0,3
2,5,56046.0,9,2,8,0,1,61,4747,0,692,0,1,19
2,4,29760.0,87,4,8,0,0,41,4873,1,165,2,0,8
2,3,26304.0,5,1,7,0,0,57,4575,1,16,2,0,3
0,3,23559.0,87,3,7,0,0,53,4565,1,79,2,0,6
2,2,81361.0,18,1,1,0,0,39,4328,0,778,1,0,26
2,3,29440.0,95,2,7,0,0,66,4526,2,56,2,0,5
3,3,36138.0,48,5,7,0,0,56,4552,2,151,2,1,8
2,4,50388.0,3,4,7,0,1,69,4236,1,372,0,2,13
2,3,79593.0,70,1,2,0,0,53,4252,0,1366,1,1,18
2,5,54178.0,79,1,2,0,0,59,4363,1,194,2,0,9
4,3,51381.5,4,12,9,0,0,69,4791,3,603,0,0,17
2,4,51381.5,45,1,7,0,0,69,4237,2,18,2,0,3
3,5,51381.5,87,1,1,0,0,53,4422,0,985,1,0,14
3,4,42394.0,69,1,7,0,0,54,4302,1,32,2,0,4
4,3,23626.0,84,3,5,0,0,56,4240,1,43,2,0,7
2,3,30096.0,30,1,6,0,0,43,4242,1,45,2,0,5
2,6,47916.0,72,5,6,0,0,66,4788,1,606,0,1,17
2,2,51813.0,37,2,7,0,0,54,4648,2,63,2,0,5
0,3,78497.0,44,1,2,0,0,75,4414,0,978,1,1,24
4,3,50150.0,32,2,5,0,0,43,4578,0,410,0,0,14
0,4,47823.0,0,2,8,0,0,66,4545,1,72,2,0,5
4,4,34554.0,43,2,6,0,0,67,4295,1,55,2,0,5
2,5,85693.0,59,2,5,0,0,47,4639,1,1169,1,0,25
4,3,65846.0,68,1,4,0,0,81,4612,0,1120,1,0,15
2,3,87195.0,35,1,1,0,1,67,4256,0,1097,1,0,19
1,5,24594.0,94,1,5,0,0,47,4405,1,29,2,0,4
2,3,49096.0,15,4,7,0,0,62,4482,2,187,2,0,9
2,3,52413.0,56,4,6,0,0,57,4716,2,910,0,0,22
2,4,38557.0,17,2,7,0,0,48,4761,1,145,2,0,7
3,3,89058.0,18,1,2,0,0,66,4773,0,850,1,0,13
2,5,77298.0,46,1,3,0,0,47,4443,1,969,1,0,23
4,4,68126.0,40,1,9,0,1,35,4800,0,1820,3,1,16
3,5,57288.0,27,3,6,0,0,63,4208,1,608,0,1,17
2,4,86037.0,95,1,3,0,1,35,4747,0,730,3,2,24
4,3,43974.0,19,5,7,0,0,46,4768,1,551,0,0,16
2,4,50785.0,27,2,6,0,0,64,4496,2,114,2,0,6
2,3,90765.0,25,0,1,0,0,56,4360,0,1724,3,2,15
0,3,36550.0,74,5,9,0,0,48,4699,1,577,0,0,15
0,5,30753.0,85,2,5,0,0,59,4557,2,81,2,0,5
2,5,21918.0,37,2,6,0,0,57,4431,1,33,2,0,5
3,5,56129.0,65,4,4,0,0,73,4578,1,660,0,0,18
3,4,32557.0,13,3,5,0,1,59,4329,1,80,2,0,6
3,3,19510.0,63,2,7,0,0,41,4502,2,30,2,0,4
2,2,30992.0,83,1,7,0,0,50,4637,1,43,2,0,4
2,4,101970.0,69,0,2,0,1,43,4678,0,1135,3,3,27
0,5,71488.0,87,2,1,0,0,61,4700,0,559,1,0,14
2,4,79607.0,37,1,1,0,1,42,4638,0,1923,1,0,15
3,3,54348.0,51,2,6,0,0,73,4225,2,90,2,0,6
4,3,51381.5,23,3,6,0,0,65,4557,1,404,0,0,14
4,5,77376.0,72,4,4,0,0,70,4254,2,661,0,0,19
2,3,62998.0,10,5,5,0,0,74,4476,1,463,0,0,14
3,1,61331.0,42,5,8,0,0,68,4680,2,632,0,0,18
2,3,73448.0,10,1,4,0,0,57,4343,0,725,1,0,18
2,3,51381.5,96,1,4,0,0,63,4526,1,725,0,0,18
4,3,41551.0,51,5,8,0,0,62,4523,2,279,0,0,11
4,5,62981.0,21,1,3,0,0,59,4673,0,1482,1,1,22
1,2,9548.0,31,2,8,0,0,50,4894,1,29,2,0,4
4,3,33762.0,61,3,8,0,0,67,4561,3,106,2,0,6
4,1,35860.0,37,2,5,0,1,53,4245,2,49,2,1,4
4,2,36921.0,74,2,7,0,0,61,4540,2,38,2,0,5
3,4,92859.0,46,1,2,0,0,34,4822,0,2077,1,0,21
3,5,65104.0,4,2,7,0,1,50,4431,1,1053,0,0,15
2,3,86111.0,73,1,2,0,0,64,4640,0,1385,1,0,22
4,4,68352.0,47,3,6,0,0,52,4509,1,871,0,0,22
2,5,41883.0,13,3,7,0,0,38,4671,1,312,2,0,9
2,3,59809.0,36,3,8,0,0,50,4823,2,877,0,0,12
2,3,23957.0,47,1,6,0,1,51,4813,1,68,2,0,5
2,5,38547.0,49,1,8,1,0,45,4509,1,22,2,0,3
0,3,35688.0,94,7,8,0,0,53,4880,3,211,0,0,9
3,3,49605.0,65,1,3,0,0,60,4212,0,127,2,0,7
3,3,59354.0,59,1,3,0,0,73,4270,2,459,0,0,15
2,3,65747.0,96,4,6,0,0,57,4318,1,460,0,1,15
0,5,46344.0,28,4,7,0,0,54,4766,1,429,0,0,13
2,1,34176.0,12,4,6,0,0,38,4252,1,89,2,0,7
4,5,61010.0,57,2,5,0,0,74,4832,1,1021,0,0,24
2,5,69372.0,10,1,4,0,1,77,4699,0,1381,3,2,20
2,4,49967.0,4,3,7,0,0,68,4560,1,306,0,0,12
2,4,60199.0,49,1,4,0,0,48,4494,3,18,2,0,3
2,5,55375.0,3,1,2,0,0,49,4459,1,162,2,0,8
2,4,80317.0,64,1,1,0,0,71,4517,0,1231,1,0,17
3,4,30523.0,0,1,7,0,0,68,4567,3,13,2,0,3
4,3,70356.0,20,2,6,0,0,81,4805,0,1706,1,0,25
2,3,23228.0,91,4,8,0,0,42,4379,1,121,2,0,7
4,2,74165.0,9,1,2,0,0,51,4628,0,1293,1,0,19
2,5,43482.0,83,3,6,0,0,60,4432,3,88,2,0,6
2,2,62551.0,27,1,3,0,0,73,4427,0,421,1,1,17
2,2,52332.0,63,1,4,0,0,67,4509,0,259,2,1,11
2,4,66951.0,46,1,1,0,0,38,4443,0,1117,1,0,14
2,5,26091.0,84,3,5,0,0,69,4328,2,89,2,0,6
2,5,33456.0,58,2,7,0,0,61,4273,2,36,2,0,4
2,3,28718.0,78,2,8,0,0,44,4555,1,57,2,0,5
2,3,50447.0,4,1,6,0,0,56,4273,2,148,2,0,7
4,5,53537.0,17,2,5,0,0,67,4354,2,93,2,0,6
2,4,52074.0,77,1,4,0,0,59,4290,1,119,2,1,6
4,3,80427.0,56,1,5,0,0,51,4859,1,1835,1,0,27
4,3,83837.0,79,1,4,0,1,78,4764,0,1318,3,2,24
4,3,38853.0,90,2,7,0,0,56,4241,2,45,2,0,5
2,5,38285.0,96,1,2,0,0,67,4209,3,10,2,0,3
4,3,51650.0,81,1,5,0,0,50,4253,1,191,2,0,9
0,3,16248.0,77,3,6,0,0,38,4254,1,57,2,0,6
3,3,66835.0,21,1,2,0,0,80,4478,0,1033,1,0,23
3,3,30477.0,16,1,6,0,0,42,4362,1,66,2,0,5
1,3,28249.0,80,1,6,0,0,65,4218,0,43,2,0,5
2,3,25271.0,45,1,9,0,0,43,4775,1,50,2,0,4
4,4,32303.0,63,2,5,0,0,56,4317,1,39,2,0,5
2,3,61286.0,34,2,5,0,0,60,4535,1,608,0,0,16
2,3,74068.0,14,1,2,0,0,50,4671,0,1581,1,0,23
4,3,45759.0,13,2,7,0,0,62,4695,2,68,2,0,5
1,5,24882.0,52,1,6,0,0,48,4862,1,80,2,1,4
4,5,66973.0,98,1,3,0,0,37,4612,0,1282,1,0,27
0,2,36640.0,99,1,5,1,0,126,4480,1,65,2,0,5
2,3,38872.0,93,2,8,0,0,38,4599,1,91,2,0,6
2,3,51148.0,38,4,6,0,0,53,4700,2,315,0,0,12
2,3,31353.0,24,2,8,0,0,49,4386,2,31,2,0,4
3,3,69661.0,80,1,3,0,0,46,4251,0,834,1,0,22
2,3,80067.0,82,1,2,0,0,72,4487,0,1600,1,1,16
2,3,86718.0,20,1,2,0,0,72,4732,0,1270,1,0,16
4,4,46854.0,81,6,8,0,1,53,4294,2,263,0,1,9
2,2,69142.0,50,3,5,0,0,74,4204,1,535,0,1,16
2,4,75922.0,60,1,1,0,0,58,4406,0,1295,1,0,17
2,2,63693.0,63,3,6,0,0,48,4462,1,1150,0,0,26
4,5,102160.0,54,0,4,0,1,49,4808,0,1240,3,3,26
4,4,40637.0,72,2,7,0,0,61,4551,2,38,2,0,4
3,4,18890.0,5,1,6,0,1,42,4800,0,35,2,1,3
2,5,29604.0,88,1,9,0,0,38,4407,1,53,2,1,4
3,2,48721.0,50,6,6,0,0,63,4616,2,293,0,0,11
2,3,44794.0,99,1,6,0,0,60,4225,1,65,2,0,5
2,2,64497.0,17,5,8,0,1,72,4861,1,1804,0,1,24
2,5,46097.0,11,5,4,0,0,70,4659,1,241,0,0,10
2,5,77972.0,18,1,1,0,0,72,4307,0,1101,1,0,19
4,3,44377.0,70,8,8,0,0,58,4836,2,264,0,0,11
3,5,46014.0,21,10,7,0,0,52,4728,2,541,0,0,16
2,3,70951.0,66,1,1,0,0,41,4625,0,1198,1,0,16
2,3,41443.0,79,6,8,0,0,49,4293,1,482,0,0,14
0,4,52195.0,2,1,8,0,0,48,4252,3,17,2,0,3
3,3,83790.0,81,1,3,0,0,78,4430,0,1615,3,2,24
3,6,44551.0,24,2,7,0,0,72,4506,1,285,2,0,10
2,5,69508.0,48,2,6,0,0,46,4796,1,1135,0,0,26
0,5,45204.0,93,1,3,0,0,38,4283,1,114,2,0,6
2,3,72460.0,56,1,1,0,0,57,4431,0,1047,1,0,15
4,5,77622.0,3,2,3,0,0,56,4280,2,714,0,0,20
4,3,30732.0,44,4,8,0,0,46,4744,1,185,2,0,9
2,2,63887.0,38,5,6,0,0,64,4863,1,1245,0,0,27
2,5,42011.0,46,4,8,0,0,48,4664,1,189,2,0,8
2,5,51369.0,84,2,8,0,0,50,4816,1,576,0,0,14
2,2,51537.0,27,3,8,0,0,74,4771,1,1103,0,0,15
4,3,79930.0,72,1,2,0,0,54,4894,0,1753,1,0,16
4,5,34320.0,66,1,8,0,0,40,4337,1,17,2,0,3
2,4,37070.0,30,9,7,0,1,60,4670,2,433,0,0,14
0,2,81975.0,2,1,7,0,0,64,4744,1,1588,1,1,13
2,5,38590.0,65,1,8,0,0,55,4614,1,22,2,0,3
2,4,15033.0,37,1,3,0,0,75,4278,0,19,2,0,4
4,3,62745.0,89,3,5,0,0,61,4667,1,1117,0,0,26
0,3,22212.0,49,2,6,0,0,51,4406,1,69,2,0,6
3,5,23661.0,46,1,7,0,0,44,4411,1,23,2,0,4
4,4,79761.0,32,1,3,0,0,68,4472,1,605,0,0,18
2,4,7500.0,54,4,7,0,0,53,4389,1,57,2,0,7
0,4,60182.0,23,1,4,0,0,133,4247,1,22,2,0,3
2,6,73455.0,98,1,3,0,0,58,4448,0,2088,1,1,21
2,5,64961.0,97,2,3,0,0,68,4757,1,1009,1,0,14
2,4,22804.0,75,1,9,0,0,55,4537,1,26,2,0,4
2,3,73687.0,8,1,2,0,1,36,4417,0,1627,3,1,21
2,3,61074.0,37,7,7,0,0,68,4885,1,1102,0,0,24
4,3,31686.0,31,2,6,0,0,62,4228,2,17,2,0,4
2,3,80134.0,40,2,6,0,1,54,4609,1,1690,3,3,14
2,3,75027.0,74,2,5,0,0,73,4740,1,1390,0,0,19
4,3,67546.0,90,1,3,0,0,38,4871,0,2126,1,0,19
3,5,65176.0,57,4,6,0,0,57,4812,1,1531,1,0,21
3,4,31160.0,59,2,8,0,0,51,4490,1,64,2,0,5
2,4,29938.0,52,2,6,0,0,41,4449,1,26,2,0,4
2,2,102692.0,5,1,2,0,1,52,4654,0,1112,3,4,28
0,5,26490.0,92,2,6,0,0,68,4849,0,210,2,0,9
2,5,75702.0,77,5,8,0,0,59,4873,2,1148,0,0,21
4,4,30899.0,35,2,6,0,0,52,4828,1,33,2,0,4
4,5,63342.0,48,3,6,0,0,65,4825,1,1101,0,1,16
2,4,45989.0,97,4,3,0,0,62,4819,1,322,0,0,12
2,4,18701.0,95,4,5,0,0,62,4594,2,44,2,0,6
4,4,40737.0,24,1,8,0,0,69,4407,3,17,2,0,3
2,2,15287.0,60,2,7,0,1,47,4831,1,31,2,1,4
4,2,69674.0,46,3,5,0,0,58,4607,2,845,0,0,22
3,3,44159.0,85,4,5,0,0,56,4216,1,275,2,0,11
4,3,37717.0,31,1,9,0,0,48,4787,1,25,2,0,3
3,5,43776.0,9,6,8,0,1,74,4715,2,275,0,0,11
3,3,38179.0,30,4,7,0,0,60,4676,2,90,2,0,7
2,3,80124.0,47,1,1,0,0,63,4207,0,1495,1,1,18
4,3,38097.0,70,4,7,0,1,56,4826,2,184,0,1,7
2,3,72940.0,13,1,1,0,0,56,4579,0,981,1,0,12
2,5,22070.0,11,2,6,0,0,56,4472,1,67,2,0,6
2,4,69267.0,31,2,7,0,1,73,4849,0,1635,1,0,12
3,4,31788.0,15,3,5,1,0,43,4305,1,60,2,0,7
4,5,61905.0,2,2,5,0,0,51,4349,1,231,2,0,10
2,3,29315.0,55,4,6,0,0,66,4288,2,48,2,0,6
2,2,33378.0,38,3,7,0,0,63,4712,2,99,2,0,6
4,5,66313.0,86,2,4,0,0,63,4490,1,770,0,0,21
2,4,60714.0,56,2,5,0,1,70,4732,0,957,1,0,21
3,5,77882.0,29,1,1,0,0,45,4264,0,818,1,0,11
4,4,69867.0,30,1,1,0,1,40,4657,0,925,3,1,16
3,2,63841.0,64,1,6,0,0,58,4638,1,908,0,0,21
1,3,24480.0,46,3,7,0,0,45,4707,1,102,2,0,7
4,5,65640.0,74,1,2,0,0,52,4324,1,461,0,0,14
3,3,44319.0,18,2,5,0,0,51,4277,2,37,2,0,5
2,3,30631.0,75,1,7,0,0,52,4556,1,70,2,0,6
2,5,75278.0,17,1,3,0,0,74,4720,0,930,1,0,22
3,5,50898.0,88,13,5,0,0,70,4741,2,859,0,0,20
2,6,79946.0,19,1,3,0,0,60,4252,0,1478,1,0,21
3,2,35416.0,62,3,8,0,0,77,4585,0,390,0,0,13
0,5,32414.0,11,1,7,0,0,42,4564,0,52,2,1,4
2,5,38361.0,74,3,7,0,0,57,4388,1,137,2,0,7
2,3,82497.0,32,1,4,0,0,46,4810,0,1919,1,1,18
2,5,16626.0,76,3,9,0,0,55,4369,2,68,2,0,6
2,5,29672.0,6,1,6,0,0,61,4678,2,25,2,0,3
3,5,55951.0,62,3,8,0,0,74,4879,1,1374,0,2,20
0,2,35388.0,20,1,7,0,0,38,4683,1,32,2,0,4
3,5,42386.0,43,1,8,0,0,40,4736,1,100,2,0,6
2,4,68627.0,45,1,1,0,0,44,4737,0,825,1,0,11
4,2,57912.0,34,5,5,0,0,61,4308,1,916,0,1,23
2,2,35246.0,53,4,5,0,0,68,4278,2,62,2,0,7
0,5,58821.0,44,1,6,0,0,70,4464,1,728,0,0,20
4,3,46377.0,89,1,4,0,0,48,4324,1,90,2,0,6
2,4,39747.0,43,3,8,0,0,38,4281,1,273,2,0,10
2,5,23976.0,68,3,7,0,0,42,4388,1,66,2,0,7
3,3,80950.0,44,1,2,0,0,65,4662,0,1213,1,1,22
2,6,27038.0,64,1,9,0,1,60,4853,0,107,2,0,6
2,4,77457.0,85,1,1,0,0,79,4320,0,1157,1,1,17
3,3,64100.0,93,1,7,0,0,62,4496,1,546,0,1,17
3,5,42670.0,12,1,4,0,0,34,4632,0,241,2,0,10
2,2,12571.0,86,4,6,0,0,50,4366,1,53,2,0,7
2,3,22574.0,28,2,7,0,0,59,4448,3,37,2,0,5
2,3,51381.5,69,1,3,0,0,37,4595,0,1611,3,2,23
3,4,70893.0,42,1,3,0,0,50,4712,0,1508,1,0,22
2,3,54198.0,13,6,4,0,0,60,4398,2,235,0,0,10
3,5,28839.0,86,2,5,0,0,70,4314,2,32,2,0,5
2,3,40321.0,59,2,7,0,0,54,4539,2,102,2,0,6
2,4,66503.0,30,2,3,0,0,41,4888,1,401,0,0,13
2,3,30833.0,33,2,5,0,0,75,4552,2,28,2,0,4
2,4,51381.5,67,6,7,0,0,56,4514,3,1052,0,2,15
2,3,64795.0,23,3,2,0,0,55,4732,1,680,0,0,18
2,3,34421.0,81,1,7,0,0,52,4567,1,30,2,0,3
4,2,47025.0,6,1,7,0,0,61,4344,2,20,2,0,3
4,2,64325.0,41,5,7,0,0,65,4711,1,1307,0,0,18
2,4,40464.0,78,6,8,0,0,73,4738,1,630,0,0,18
2,3,62187.0,49,1,3,0,0,69,4563,0,1283,1,0,17
4,2,14849.0,39,3,8,0,0,50,4566,1,65,2,0,6
2,3,27255.0,3,1,7,0,0,42,4438,1,37,2,0,4
4,3,54432.0,37,1,4,0,0,76,4620,3,38,2,0,4
4,4,29999.0,22,4,8,0,0,40,4705,1,160,2,0,8
2,4,24072.0,79,1,8,0,0,43,4643,1,23,2,0,3
4,4,33996.0,46,1,4,0,0,37,4495,0,71,2,0,5
4,3,66334.0,82,2,5,0,1,70,4656,1,1161,0,0,17
3,3,35178.0,10,1,7,0,1,55,4739,1,59,2,1,4
2,5,22010.0,51,2,8,0,0,43,4568,1,33,2,0,5
2,2,62204.0,38,1,3,0,0,66,4859,2,946,0,0,21
2,2,75693.0,10,1,4,0,1,58,4774,0,1442,3,3,21
2,3,30675.0,14,1,8,0,0,54,4798,1,62,2,0,4
2,5,83003.0,18,1,3,0,1,61,4687,0,1674,3,1,21
4,5,83532.0,36,1,1,0,0,127,4480,0,1853,1,1,14
2,4,68655.0,95,1,3,0,0,38,4892,0,1538,1,0,20
2,2,41411.0,11,1,6,0,0,40,4408,0,139,2,0,7
4,3,55212.0,65,3,8,0,0,57,4787,1,1182,0,2,17
4,5,59292.0,71,2,3,0,0,76,4585,1,507,0,0,16
1,5,27190.0,13,1,8,0,1,53,4522,1,18,2,1,3
2,2,82623.0,58,1,1,0,0,74,4435,0,940,1,0,15
2,3,44300.0,65,2,6,0,0,61,4575,2,42,2,0,4
2,2,84835.0,0,1,1,0,1,56,4217,0,1190,1,0,14
2,6,30372.0,33,3,7,0,0,55,4755,2,44,2,0,5
3,3,33181.0,90,1,6,0,0,50,4381,1,16,2,1,3
2,3,71113.0,95,4,4,0,0,69,4398,1,835,0,0,22
2,3,71952.0,93,2,4,0,0,40,4739,1,1443,3,2,20
4,4,69759.0,38,3,3,0,1,60,4448,0,1029,1,0,15
2,3,72099.0,18,1,1,0,0,52,4814,0,1188,1,0,17
4,4,60000.0,57,5,6,0,0,50,4758,1,1277,0,0,19
2,4,38643.0,45,2,7,1,0,48,4416,2,49,2,0,5
2,3,50737.0,61,1,6,0,0,71,4618,1,99,2,1,6
4,3,68462.0,6,1,1,0,0,57,4768,0,1670,1,0,14
3,3,65073.0,65,1,2,1,0,83,4517,0,900,1,0,13
4,5,46681.0,52,2,5,0,0,78,4468,2,425,0,0,14
2,3,78618.0,87,1,2,0,0,69,4843,0,2153,1,1,21
4,6,62187.0,38,3,4,0,0,57,4303,1,636,0,0,18
2,3,28442.0,53,3,4,0,0,48,4329,2,57,2,0,7
2,3,51479.0,67,7,7,0,0,59,4752,2,494,0,0,15
2,4,54803.0,65,2,4,0,0,57,4881,1,693,0,0,17
2,3,79530.0,64,1,2,0,0,66,4612,0,1348,1,0,25
2,2,31615.0,82,2,7,0,0,50,4674,1,51,2,0,5
2,5,72025.0,27,1,3,0,0,64,4793,0,1932,1,0,15
4,4,52614.0,63,2,8,0,0,51,4779,1,990,0,0,14
0,3,35684.0,66,1,6,0,0,42,4272,1,30,2,0,4
2,3,48178.0,69,6,8,0,0,51,4813,2,254,0,0,10
3,4,29548.0,52,1,4,0,0,56,4508,1,29,2,1,4
2,4,63810.0,45,4,8,0,0,60,4799,1,1371,0,1,19
4,4,38578.0,2,3,8,0,1,54,4576,2,73,2,0,6
3,4,46098.0,86,4,8,0,0,51,4884,2,120,2,0,7
2,4,22585.0,23,1,9,0,1,56,4672,0,81,2,1,4
2,4,30279.0,13,1,8,0,0,37,4750,1,37,2,0,4
4,5,66426.0,14,2,6,0,0,65,4474,1,1377,0,0,18
2,4,30822.0,92,1,7,0,0,57,4584,1,51,2,0,4
4,3,33581.0,38,1,8,0,0,57,4741,2,17,2,0,3
2,3,19986.0,74,1,7,0,0,41,4431,1,22,2,0,3
2,6,27421.0,14,3,7,0,0,72,4768,0,324,2,0,11
3,4,36143.0,33,1,3,0,0,45,4295,1,19,2,0,3
2,4,10245.0,32,3,5,0,0,55,4614,1,41,2,0,5
3,5,43795.0,11,3,7,0,1,58,4460,1,492,0,1,14
2,5,63381.0,78,4,2,0,0,66,4836,1,1005,0,0,22
2,5,38823.0,56,1,6,0,0,77,4872,1,114,2,0,6
4,2,83664.0,57,3,5,0,0,58,4621,2,1173,0,0,16
2,5,90300.0,7,0,1,0,0,47,4381,0,1738,1,1,19
3,5,62499.0,0,2,4,0,0,47,4406,1,222,2,0,10
2,4,74293.0,66,1,2,0,0,33,4260,0,1127,1,0,15
4,3,51012.0,86,1,6,0,0,80,4641,0,209,2,0,9
3,3,70777.0,80,3,3,0,0,58,4328,1,787,0,0,20
4,5,68682.0,56,1,2,0,0,35,4470,0,1598,1,0,23
2,3,43824.0,18,4,8,0,0,55,4856,2,186,2,0,8
2,5,15345.0,51,2,8,0,1,42,4871,1,47,2,0,4
2,4,23442.0,71,1,7,0,0,39,4756,1,27,2,0,4
0,5,14515.0,71,4,7,0,1,46,4801,1,96,2,0,7
0,2,31395.0,80,4,6,0,0,70,4667,2,64,2,0,6
2,5,75276.0,2,1,5,0,0,61,4844,0,1040,1,0,22
2,4,42373.0,83,5,5,0,0,52,4522,2,163,2,0,8
2,5,30507.0,29,1,7,0,0,66,4679,0,343,2,0,10
4,4,55521.0,11,9,7,0,1,71,4454,3,446,0,1,15
2,3,48006.0,55,1,6,0,0,61,4224,2,41,2,0,4
4,4,27213.0,19,3,8,0,1,54,4872,1,70,2,0,6
4,2,65808.0,1,3,6,0,0,55,4234,2,272,2,0,11
4,5,30351.0,19,1,9,0,0,52,4592,1,46,2,0,5
2,3,50437.0,28,3,7,0,0,63,4824,2,490,0,0,16
0,4,23616.0,76,2,8,0,1,44,4793,1,79,2,0,6
2,3,53858.0,50,4,4,0,0,50,4801,1,915,0,0,13
4,3,66465.0,1,3,6,0,0,71,4660,1,1485,0,1,32
2,4,46923.0,90,3,7,0,0,39,4880,1,369,2,0,13
2,5,75072.0,83,2,3,0,0,64,4726,1,1073,0,0,17
4,3,75865.0,73,1,1,0,0,83,4294,0,1242,1,0,18
0,5,19789.0,24,3,5,0,0,51,4425,1,78,2,1,6
2,5,80134.0,11,1,5,0,0,32,4339,0,1378,3,4,20
2,4,91065.0,33,1,3,0,1,45,4696,0,1474,3,2,25
3,3,49505.0,4,9,8,0,0,55,4685,2,751,0,0,20
4,3,37401.0,14,2,7,0,0,53,4258,1,48,2,0,5
3,5,18492.0,75,1,8,0,0,44,4228,1,10,2,0,3
3,3,82584.0,26,1,1,0,1,52,4594,0,1435,3,2,15
4,3,93027.0,77,0,2,0,0,85,4646,0,2119,1,1,22
2,3,48686.0,8,1,8,0,0,73,4411,3,20,2,0,3
2,3,92910.0,42,1,1,0,0,40,4270,0,1795,3,3,26
2,3,75433.0,28,2,6,0,0,37,4289,1,1188,3,2,17
0,5,10404.0,52,2,5,0,0,37,4260,1,43,2,0,5
2,3,61314.0,1,2,3,0,0,58,4634,1,1008,1,0,22
4,4,84865.0,1,1,4,0,1,65,4620,0,1688,3,4,15
2,3,42387.0,42,5,8,0,0,37,4812,1,684,0,0,16
0,5,67309.0,76,15,7,0,0,59,4726,2,1082,0,0,24
2,3,75236.0,27,1,4,0,0,62,4420,1,1068,1,0,24
2,4,30015.0,28,2,5,0,0,56,4351,1,57,2,0,5
3,5,50943.0,49,1,5,0,0,70,4577,1,46,2,0,4
2,2,67272.0,12,3,5,0,0,60,4394,1,733,0,0,20
3,6,51529.0,14,2,8,0,0,77,4499,1,467,0,0,15
4,3,32011.0,89,3,7,0,0,55,4515,1,122,2,0,7
0,3,7500.0,96,2,8,0,0,40,4711,1,36,2,0,5
2,3,28691.0,56,1,8,0,0,37,4564,1,34,2,0,4
4,3,56223.0,72,2,4,0,0,78,4395,1,156,2,0,8
2,3,18100.0,14,1,5,0,0,80,4531,0,14,2,0,3
0,3,20130.0,99,1,8,0,0,52,4308,0,34,2,0,4
2,2,23295.0,72,1,8,0,0,67,4555,0,20,2,0,3
3,2,42618.0,92,2,8,0,0,54,4467,1,192,2,0,9
2,4,81246.0,87,1,1,0,0,62,4386,0,1379,3,2,16
2,3,24027.0,7,2,8,0,0,50,4589,1,48,2,0,5
4,3,55707.0,91,2,3,0,0,73,4393,1,428,0,0,14
2,4,57959.0,71,5,3,0,0,71,4627,1,868,0,0,22
2,3,56796.0,24,3,7,0,0,57,4702,1,1001,0,0,24
3,4,36230.0,17,1,5,0,0,55,4459,1,59,2,0,6
0,3,70829.0,87,2,3,0,0,46,4414,2,431,0,0,14
2,3,65991.0,21,3,7,0,0,50,4864,1,971,0,0,24
2,3,38988.0,90,7,8,0,0,54,4882,3,348,0,0,12
0,4,89572.0,44,1,4,0,1,60,4856,0,2059,3,2,23
3,3,42207.0,71,4,6,0,1,42,4658,1,265,2,1,10
2,3,50300.0,52,2,2,0,0,74,4239,1,270,2,0,11
0,5,66664.0,78,1,3,0,0,44,4846,0,1289,1,0,18
2,3,60597.0,2,4,7,0,1,62,4383,1,893,0,1,12
2,6,70165.0,60,1,1,0,0,77,4484,0,926,1,0,21
4,6,50520.0,25,2,6,0,0,68,4356,1,135,2,0,7
2,3,33183.0,46,2,7,0,0,51,4329,1,120,2,0,7
4,4,66582.0,83,1,1,0,0,57,4322,0,1288,1,0,19
4,5,75261.0,17,1,2,0,1,71,4636,0,1743,3,2,16
2,6,31880.0,13,1,8,0,0,56,4810,1,15,2,0,3
2,3,53790.0,86,3,6,0,0,75,4319,2,542,0,0,17
4,5,49269.0,92,3,7,0,0,55,4887,1,890,0,0,22
2,3,61456.0,47,4,4,0,0,51,4663,1,1388,1,0,29
2,3,37406.0,18,1,8,0,1,46,4466,1,17,2,0,3
4,5,56937.0,81,7,6,0,1,45,4898,1,906,0,1,23
2,3,38415.0,91,2,7,0,0,48,4747,2,44,2,0,4
2,4,20518.0,58,1,5,0,0,38,4246,1,25,2,0,4
2,3,62503.0,40,4,5,0,0,70,4700,1,973,0,0,22
4,4,41644.0,67,2,3,0,0,54,4255,2,31,2,0,4
3,3,55842.0,19,1,5,0,0,49,4241,1,518,2,0,16
4,3,62010.0,93,4,5,0,0,54,4818,1,530,0,0,15
2,3,41124.0,41,7,8,0,0,49,4810,1,506,0,0,14
3,3,38961.0,60,1,7,0,0,53,4385,1,70,2,0,5
3,2,37760.0,54,1,6,0,0,54,4526,1,54,2,0,5
2,4,32233.0,26,2,9,0,1,52,4883,1,296,2,1,10
2,3,43057.0,30,4,5,0,0,51,4446,1,266,2,0,11
3,5,83151.0,93,1,3,0,0,66,4831,0,747,1,0,18
4,2,78825.0,35,1,3,0,1,62,4857,0,895,1,0,28
3,5,65104.0,4,2,7,0,0,50,4431,1,1053,0,0,15
2,3,60093.0,92,2,6,0,0,52,4572,1,735,0,0,19
2,3,14045.0,24,1,7,0,0,57,4358,1,20,2,0,4
0,6,28457.0,96,1,8,0,0,74,4813,0,205,2,0,9
4,5,78952.0,11,2,6,0,0,68,4847,1,2092,1,0,19
2,2,46310.0,99,2,8,0,0,50,4777,1,309,2,0,12
2,5,76005.0,72,1,6,0,0,71,4696,0,1722,1,1,21
3,4,58308.0,77,4,8,0,0,62,4737,1,900,0,0,11
4,2,55614.0,85,1,7,0,0,82,4418,0,682,0,1,19
3,2,59432.0,88,3,5,0,0,64,4646,1,663,0,0,19
2,2,55563.0,22,1,3,0,0,48,4289,1,43,2,0,5
4,5,78642.0,83,1,6,0,0,55,4638,1,1816,1,0,17
4,5,67911.0,63,3,3,0,0,77,4242,1,976,0,0,24
2,3,65275.0,9,1,2,0,0,82,4656,0,746,1,0,20
2,5,27203.0,92,2,8,0,0,76,4896,2,64,2,0,4
3,5,48330.0,2,1,5,0,0,65,4430,1,32,2,0,4
1,3,24279.0,6,1,8,0,0,36,4751,0,263,2,0,8
4,3,64355.0,66,2,8,0,0,41,4878,1,1445,0,0,19
2,6,53653.0,29,2,6,0,0,73,4803,0,1210,0,0,26
2,3,65665.0,77,1,3,0,0,50,4413,1,945,1,0,23
2,4,81217.0,77,1,1,0,0,37,4549,0,1157,1,0,21
2,3,34935.0,71,1,7,0,0,34,4577,0,137,2,0,7
2,2,61250.0,49,6,5,0,0,67,4764,1,730,0,0,19
4,5,39665.0,97,3,7,0,0,45,4604,1,216,2,1,9
2,4,60152.0,6,1,3,0,0,47,4662,1,943,1,0,22
2,3,48920.0,93,3,7,0,0,62,4456,2,347,0,1,13
3,5,89120.0,78,1,1,0,0,67,4308,0,1924,1,1,18
4,5,44124.0,62,4,8,0,0,80,4618,1,397,0,0,13
3,4,81169.0,47,1,2,0,0,51,4645,0,2089,1,0,21
2,3,36443.0,9,4,8,0,0,65,4715,2,138,2,0,7
2,4,26095.0,77,1,7,0,0,36,4568,1,42,2,0,4
2,5,71367.0,24,1,2,0,0,67,4514,0,777,1,0,16
3,3,80184.0,19,1,3,0,0,82,4324,0,1902,3,2,19
2,2,30630.0,67,2,7,0,0,61,4357,2,52,2,0,5
3,4,73454.0,95,1,5,0,0,39,4324,0,1651,1,1,12
2,3,42691.0,48,1,5,0,0,35,4521,0,358,2,0,12
2,3,70503.0,73,1,6,0,0,73,4841,0,1727,3,2,15
2,3,25545.0,35,3,6,0,1,39,4863,1,210,2,0,7
2,3,32880.0,76,1,8,0,0,40,4776,1,42,2,0,4
4,5,77863.0,20,1,2,0,0,68,4418,0,1291,1,0,19
3,3,50353.0,72,1,3,0,0,49,4225,0,442,1,0,14
2,4,61839.0,20,1,8,0,0,62,4890,0,1895,1,0,16
4,3,49154.0,69,6,6,0,0,66,4442,2,411,0,0,13
0,6,47682.0,80,4,5,0,0,51,4703,1,521,0,0,15
2,4,72679.0,65,1,1,0,0,57,4488,1,1168,1,0,16
3,5,57954.0,52,7,7,0,0,49,4215,2,493,0,1,16
2,3,65316.0,65,2,4,0,0,64,4635,2,260,2,0,10
2,4,28567.0,57,2,6,0,0,44,4581,1,46,2,0,5
3,5,47352.0,70,4,7,0,0,75,4648,1,319,0,0,12
2,5,44931.0,0,1,5,0,0,59,4366,1,96,2,0,6
2,2,76982.0,19,1,4,0,1,59,4338,0,1062,3,1,15
0,5,57247.0,50,2,2,0,0,74,4529,1,232,2,0,10
3,4,22944.0,67,3,7,0,0,45,4392,1,76,2,0,6
0,5,25315.0,46,3,8,0,0,49,4438,1,54,2,0,6
2,6,43638.0,37,2,7,0,0,57,4896,1,201,2,0,9
4,4,42710.0,38,2,6,0,0,42,4782,1,406,2,0,12
4,3,84169.0,9,1,3,0,1,44,4530,0,1919,3,2,19
2,5,54058.0,56,2,3,0,0,50,4594,1,662,0,0,18
0,3,24683.0,98,2,5,0,0,36,4317,1,41,2,0,6
2,6,85620.0,68,1,1,0,1,62,4377,0,1600,1,0,13
2,3,47850.0,72,1,6,0,0,46,4412,1,134,2,0,7
2,3,19514.0,47,4,8,0,1,58,4358,2,69,2,1,6
3,3,27159.0,33,2,6,0,0,53,4296,2,21,2,0,4
0,4,39548.0,87,2,3,0,0,63,4294,2,54,2,0,5
2,4,21474.0,0,2,7,0,1,37,4286,1,91,2,1,6
4,4,60504.0,73,2,6,0,0,55,4346,1,526,0,0,16
2,3,22419.0,74,1,8,0,0,63,4641,0,162,2,0,7
3,3,81698.0,4,1,1,0,1,77,4439,0,1008,1,0,24
2,5,43462.0,50,6,8,0,0,74,4859,2,240,0,0,10
4,4,54880.0,57,2,5,0,0,48,4689,1,795,1,0,19
2,3,79908.0,30,1,2,0,0,44,4654,0,1772,1,1,18
0,3,15315.0,27,2,5,0,0,56,4534,0,64,2,0,6
2,5,87771.0,61,1,6,0,1,67,4607,1,1957,3,4,19
2,3,33039.0,4,1,5,0,0,48,4497,1,78,2,0,6
2,4,81741.0,75,0,2,0,0,46,4582,0,1572,1,0,19
3,5,71499.0,12,2,4,0,0,55,4573,1,795,0,0,24
0,3,62466.0,13,5,4,0,0,56,4369,1,889,1,0,21
4,2,48799.0,9,3,3,0,0,63,4440,1,331,0,0,12
4,5,52157.0,48,2,4,0,0,76,4226,1,265,0,0,10
2,4,66565.0,80,4,8,0,0,64,4775,1,1065,0,0,15
3,5,29298.0,60,1,5,0,0,75,4499,2,11,2,0,3
2,4,47691.0,43,1,6,0,0,47,4563,1,21,2,0,3
2,5,38200.0,19,1,7,0,0,56,4773,2,17,2,0,3
2,3,44989.0,26,5,6,0,0,52,4859,1,369,0,0,11
4,3,38443.0,58,2,7,0,0,58,4357,2,38,2,0,4
0,4,38593.0,42,3,8,0,0,48,4493,1,177,2,0,8
4,5,64413.0,27,1,5,0,0,56,4536,1,279,0,0,11
3,3,36959.0,56,2,8,0,0,45,4474,1,62,2,0,5
4,3,61996.0,27,3,5,0,1,49,4718,1,1230,3,3,18
2,3,51287.0,10,3,7,0,0,58,4293,2,182,2,0,8
2,3,13260.0,48,4,8,0,0,56,4514,2,49,2,0,6
4,5,47472.0,39,2,5,0,0,60,4490,2,75,2,0,6
3,5,54603.0,85,6,7,0,0,70,4559,2,227,0,0,10
4,3,45207.0,64,5,6,0,0,52,4800,2,215,0,1,10
0,5,47821.0,54,1,8,0,0,59,4456,2,47,2,0,4
3,3,27450.0,57,1,7,0,0,75,4644,0,143,2,0,6
2,5,39453.0,64,2,6,0,0,43,4291,1,55,2,0,5
0,5,26850.0,10,4,4,0,0,55,4276,2,63,2,0,7
2,6,79800.0,65,1,3,0,1,71,4848,0,1867,3,3,21
3,3,61794.0,74,2,2,0,0,65,4492,1,611,0,0,18
2,5,53863.0,4,3,7,0,0,71,4247,1,473,0,1,15
2,5,24221.0,94,1,4,0,0,67,4517,0,55,2,0,5
4,4,39684.0,41,2,7,1,1,42,4829,1,81,2,0,5
3,3,92163.0,25,0,2,0,1,51,4768,0,2086,3,2,21
3,4,69882.0,94,1,1,0,0,61,4435,0,1478,1,0,19
2,5,33178.0,9,1,4,0,0,49,4354,1,49,2,0,4
4,3,59973.0,47,1,1,0,0,54,4495,0,382,1,0,14
3,5,17459.0,12,3,7,0,1,51,4487,1,69,2,0,6
2,2,23910.0,80,1,7,0,0,57,4815,1,67,2,0,5
3,3,42169.0,20,2,8,0,0,57,4457,2,30,2,0,4
0,3,26224.0,39,3,6,0,0,48,4594,1,63,2,0,6
2,5,31089.0,57,3,8,0,0,45,4885,1,79,2,0,7
2,4,30081.0,27,1,7,0,0,65,4697,1,42,2,0,4
2,5,62807.0,83,3,5,0,0,66,4871,1,819,0,0,20
2,4,72906.0,79,1,1,0,0,71,4489,0,1151,1,0,16
4,3,61467.0,69,3,5,0,0,78,4771,2,594,0,0,17
3,5,49618.0,77,4,7,0,0,60,4723,2,129,2,0,7
3,4,21888.0,15,4,10,0,1,40,4751,1,213,2,0,8
2,2,26150.0,61,1,7,0,0,70,4679,3,28,2,0,4
1,3,30801.0,23,2,7,0,0,51,4815,1,45,2,0,4
2,3,81168.0,84,1,3,0,0,61,4257,0,1193,1,1,17
3,4,26877.0,74,2,6,0,0,57,4518,0,268,2,0,10
3,6,45006.0,90,1,3,0,0,82,4550,0,266,2,0,11
1,3,18978.0,41,1,8,0,0,53,4769,1,37,2,0,4
4,4,48240.0,73,3,5,0,1,57,4801,0,882,1,0,22
2,3,45837.0,88,5,7,0,0,52,4542,2,373,0,0,13
3,4,35791.0,94,2,8,0,0,61,4623,3,35,2,0,4
2,6,54162.0,31,1,4,0,0,48,4672,2,42,2,0,4
3,3,30522.0,6,5,2,0,0,66,4885,1,326,0,0,12
4,3,54456.0,23,3,6,0,0,65,4557,1,404,0,0,14
2,4,31632.0,92,1,7,0,0,55,4554,0,95,2,0,5
2,6,72298.0,52,1,1,0,0,77,4315,0,939,3,2,13
0,4,36975.0,50,1,7,0,0,48,4387,1,33,2,0,4
0,3,72635.0,54,1,3,0,0,71,4595,0,981,1,1,20
2,3,13624.0,93,2,6,0,0,50,4729,1,36,2,0,5
2,4,84196.0,56,1,3,0,0,51,4595,1,1237,1,0,19
2,5,70971.0,28,7,7,0,1,66,4850,1,1825,1,0,27
4,2,34487.0,94,3,9,0,0,49,4865,2,103,2,0,6
2,4,28769.0,76,3,9,0,0,49,4762,1,191,2,0,9
4,3,69084.0,43,2,8,0,0,56,4426,1,1586,1,0,23
4,5,65488.0,46,1,1,0,0,68,4220,0,963,1,0,13
0,4,32218.0,27,1,7,0,1,66,4338,0,93,2,1,6
2,4,83917.0,12,1,3,0,1,53,4641,0,1587,1,0,20
2,2,46102.0,3,1,7,0,0,64,4315,3,16,2,0,3
2,4,84574.0,72,1,5,0,0,74,4594,0,1375,1,0,31
2,3,56181.0,6,1,4,0,0,64,4741,1,393,0,0,13
3,2,63120.0,53,5,7,0,1,76,4843,1,1477,0,0,21
2,3,73691.0,58,2,2,0,0,55,4439,1,1179,0,1,16
4,5,76140.0,57,1,2,0,0,78,4251,0,1348,1,0,20
4,2,62859.0,37,4,6,0,0,67,4750,1,1307,0,0,19
2,4,45906.0,20,2,5,0,0,62,4622,1,486,0,1,13
3,5,77632.0,73,1,2,0,1,79,4680,0,2252,3,2,12
4,3,46463.0,56,7,6,0,0,55,4519,2,235,0,0,10
2,5,105471.0,36,0,3,0,1,56,4728,0,1724,3,2,30
3,2,55282.0,9,1,4,0,0,56,4402,1,235,2,0,10
3,3,78710.0,42,3,4,0,0,49,4241,1,1092,0,0,25
2,5,66886.0,28,2,5,0,0,68,4490,1,599,0,0,15
3,4,98777.0,23,0,1,0,0,66,4336,0,2008,1,1,19
2,5,29103.0,38,2,9,0,0,41,4875,1,48,2,0,4
2,3,67445.0,63,5,6,0,0,52,4890,1,1174,0,0,27
4,5,50616.0,71,1,2,0,0,76,4281,1,67,2,0,6
2,2,49431.0,9,2,8,0,0,71,4899,1,365,0,0,13
2,5,61278.0,87,2,6,0,0,73,4380,1,165,2,0,8
4,5,73059.0,36,1,4,0,0,79,4506,1,1095,1,0,25
4,4,46734.0,86,4,6,0,0,60,4455,3,223,0,1,8
2,5,56253.0,83,4,6,0,0,63,4773,1,597,0,0,18
2,6,58330.0,87,1,4,0,0,51,4390,1,1064,1,0,23
1,3,25965.0,29,1,8,0,0,46,4864,0,74,2,0,5
3,5,14661.0,88,1,6,0,0,70,4748,0,26,2,0,4
2,3,18690.0,77,1,8,0,0,67,4752,0,60,2,0,4
4,5,45068.0,25,1,7,0,0,52,4613,1,20,2,0,3
1,4,21063.0,34,2,6,0,0,39,4481,1,59,2,0,5
4,3,29187.0,43,1,8,0,0,58,4620,1,34,2,0,4
0,3,54690.0,76,3,3,0,0,55,4438,2,198,2,0,9
4,3,59304.0,81,3,5,0,0,62,4539,1,1048,1,0,25
3,4,59247.0,87,5,6,0,0,64,4437,2,574,0,0,16
2,6,66731.0,33,4,3,0,0,56,4859,1,1029,1,0,13
2,3,77353.0,38,2,4,0,0,46,4399,1,670,1,0,18
2,3,26751.0,26,1,8,0,0,52,4242,2,11,2,0,3
4,3,81300.0,17,3,5,0,1,63,4811,1,1241,0,1,18
2,4,70337.0,75,1,1,0,0,47,4382,0,576,1,0,16
0,3,36145.0,13,4,9,0,1,41,4582,1,172,2,1,8
4,4,65295.0,19,1,2,0,0,46,4392,0,664,1,0,19
2,2,68118.0,51,2,6,0,0,63,4458,1,928,0,0,21
2,2,68743.0,81,1,7,0,0,59,4872,0,2074,1,0,29
0,5,41039.0,32,1,8,0,0,44,4543,0,467,2,0,14
2,5,38946.0,84,2,5,0,0,71,4452,1,257,2,0,10
2,5,65777.0,87,1,1,0,0,59,4396,0,1146,1,0,16
4,2,66476.0,99,2,4,0,0,50,4683,1,689,0,0,18
4,4,86857.0,96,1,2,0,1,54,4859,0,2114,1,0,21
4,5,77845.0,40,1,1,0,0,37,4248,0,1346,3,2,20
4,5,69476.0,3,1,2,0,0,57,4476,0,1044,1,0,14
4,2,50611.0,98,6,6,0,1,66,4837,1,493,0,1,16
2,4,61209.0,73,1,2,0,0,56,4512,0,957,1,0,12
3,5,42315.0,90,3,3,0,0,68,4556,1,270,0,0,9
1,5,13084.0,29,1,6,0,0,74,4443,0,29,2,0,4
3,6,47570.0,3,3,7,0,1,77,4600,2,121,2,0,6
3,3,61923.0,94,1,3,0,0,65,4542,2,126,2,0,7
2,4,34824.0,65,1,6,0,0,31,4299,0,23,2,0,3
4,4,26518.0,33,3,8,0,1,77,4651,2,57,2,0,5
2,4,45938.0,46,2,6,0,0,65,4442,0,636,0,0,18
2,5,78468.0,29,1,4,0,0,66,4285,0,1004,1,1,27
2,2,78901.0,99,3,4,0,0,53,4489,1,734,0,0,17
2,3,71427.0,26,2,4,0,0,48,4313,2,614,0,0,18
2,2,71022.0,30,3,8,0,0,48,4342,1,1453,0,1,18
3,4,90247.0,27,1,1,0,1,38,4265,0,1621,3,3,14
3,2,41335.0,24,3,7,0,0,58,4389,1,187,2,0,9
4,2,35682.0,34,1,2,0,0,56,4206,1,57,2,0,5
2,2,43185.0,88,2,8,0,0,75,4649,1,637,0,0,18
4,5,66375.0,96,3,7,0,0,78,4424,1,948,0,1,11
2,3,25252.0,26,1,8,0,0,40,4556,1,18,2,0,3
3,4,55250.0,49,4,5,0,0,61,4820,1,903,0,0,22
2,4,33249.0,11,2,6,0,0,51,4698,1,112,2,0,6
2,5,58398.0,44,3,4,0,0,73,4615,0,596,0,0,17
2,5,50272.0,75,3,7,0,0,44,4530,1,233,2,0,10
4,3,76618.0,64,1,1,0,0,51,4773,0,1511,1,0,10
0,2,87305.0,19,1,2,0,1,66,4848,0,1152,3,1,16
2,5,25851.0,45,2,7,0,0,48,4707,1,48,2,0,5
2,2,58710.0,77,6,6,0,0,56,4659,1,1185,0,0,25
2,4,45160.0,9,1,7,0,0,68,4296,2,21,2,0,3
3,3,74806.0,1,2,4,0,0,61,4761,1,965,0,0,14
2,3,59111.0,90,1,7,0,0,72,4627,0,869,0,0,20
4,3,18988.0,43,2,7,0,0,42,4241,1,16,2,0,4
2,3,72190.0,79,1,3,0,0,61,4705,0,1947,1,0,15
2,3,7500.0,19,5,9,0,1,50,4901,1,71,2,1,7
2,3,80395.0,62,1,2,0,0,71,4422,0,1380,1,1,23
3,2,75012.0,41,1,1,0,0,50,4359,0,1027,1,0,22
3,3,56962.0,60,7,7,0,0,61,4465,3,411,0,0,14
2,5,89891.0,17,1,4,0,0,35,4644,0,836,1,1,25
4,2,35946.0,24,1,5,0,0,77,4479,2,11,2,0,3
4,5,53593.0,60,8,8,0,0,73,4895,2,480,0,0,15
4,2,45072.0,74,5,8,0,0,78,4460,3,284,0,0,11
2,2,89694.0,22,3,5,0,0,53,4467,2,1472,3,3,11
2,3,72025.0,46,1,2,0,1,77,4265,0,1677,3,3,25
2,3,67432.0,69,2,4,0,0,53,4661,1,1335,1,0,17
3,5,70545.0,29,1,2,0,0,74,4230,1,334,0,0,12
1,3,17487.0,37,1,7,0,0,37,4672,1,18,2,0,3
2,5,62882.0,26,2,4,0,0,57,4893,1,1338,1,0,18
4,4,64108.0,8,4,5,0,0,73,4667,1,1099,0,0,26
3,5,34941.0,26,2,8,0,0,70,4684,2,97,2,0,6
4,4,48767.0,79,3,5,0,0,76,4383,3,63,2,0,6
0,5,38702.0,71,2,6,0,0,48,4536,1,109,2,0,7
2,3,82224.0,83,1,3,0,0,62,4359,0,902,1,1,20
2,5,83844.0,57,1,1,0,0,74,4617,0,1574,1,1,19
0,3,17003.0,37,3,5,0,0,51,4406,1,38,2,0,6
2,4,71163.0,30,1,1,0,0,31,4316,0,960,1,0,23
2,4,33697.0,34,1,7,0,0,56,4491,1,28,2,1,3
0,3,63564.0,0,1,6,0,1,72,4355,0,1215,3,1,27
4,5,83443.0,89,1,2,0,0,54,4384,0,1497,1,0,21
4,5,51518.0,92,2,3,0,0,68,4473,1,449,0,0,15
2,3,80952.0,20,1,8,0,1,57,4690,0,1757,3,3,24
2,5,75507.0,56,1,3,0,0,47,4262,0,1440,1,0,20
0,5,63855.0,28,1,4,0,0,48,4709,0,1006,1,0,23
4,5,62220.0,55,5,6,0,1,54,4891,1,1226,0,0,18
2,3,58512.0,25,5,8,0,0,62,4487,1,1171,0,0,15
3,3,40662.0,0,2,4,0,0,47,4675,1,92,2,0,6
4,3,38829.0,86,1,5,0,0,67,4288,1,99,2,0,7
0,3,35523.0,8,2,7,0,0,45,4473,1,66,2,0,6
2,4,79146.0,33,2,6,0,0,59,4270,2,564,0,0,17
3,3,78285.0,13,1,3,0,0,38,4448,0,1427,1,0,20
4,4,31626.0,12,1,7,0,1,48,4619,1,86,2,1,5
2,4,75127.0,92,1,1,0,0,74,4242,0,833,1,0,18
2,3,48726.0,90,3,6,0,0,71,4632,1,242,0,0,9
2,3,74985.0,8,1,2,0,0,49,4860,0,1869,1,0,16
2,5,67430.0,6,1,6,0,0,39,4866,0,1364,1,0,28
0,3,46891.0,91,1,4,0,0,61,4505,1,183,2,0,7
3,3,62058.0,52,4,6,0,0,70,4603,1,450,0,0,14
2,3,72063.0,3,2,2,0,0,47,4565,1,758,0,0,19
4,3,78939.0,57,1,3,0,0,75,4403,0,1507,1,0,19
2,4,42720.0,9,8,8,0,1,61,4635,2,654,0,0,17
2,3,33622.0,22,3,7,0,0,54,4646,2,81,2,0,6
4,5,6835.0,76,0,20,0,0,69,4772,1,137,2,0,1
2,5,41452.0,86,1,7,0,0,73,4684,2,16,2,0,3
4,4,40760.0,64,2,6,0,0,61,4507,1,93,2,0,6
4,5,74250.0,90,1,1,0,0,68,4358,0,1158,1,0,17
3,4,51124.0,79,2,3,0,0,71,4397,2,43,2,0,4
2,4,72258.0,28,2,2,0,0,55,4494,1,1525,1,0,20
4,4,71466.0,86,1,1,0,0,52,4289,0,1230,1,0,18
2,5,36283.0,42,2,4,0,0,50,4280,2,29,2,0,4
2,4,20587.0,39,1,7,0,0,56,4253,1,25,2,0,4
2,3,30467.0,8,1,7,0,0,54,4306,1,24,2,0,3
2,5,31590.0,40,1,8,0,0,54,4580,1,38,2,0,4
1,3,20425.0,5,2,7,0,0,40,4812,1,57,2,0,5
3,5,17144.0,96,5,7,0,0,66,4338,2,47,2,0,7
4,2,42564.0,28,6,7,0,1,58,4747,1,813,0,1,18
3,3,43783.0,22,6,7,0,0,48,4235,1,629,0,1,16
2,2,40780.0,30,4,9,0,0,50,4863,1,377,0,0,13
3,5,62847.0,45,1,2,0,0,81,4734,0,1612,1,0,13
4,3,82017.0,58,1,2,0,1,69,4803,0,729,3,3,16
2,4,16813.0,49,1,7,0,0,76,4549,0,50,2,1,5
2,3,51267.0,37,4,4,0,0,48,4447,2,270,2,0,11
2,4,46524.0,70,2,3,0,0,65,4654,1,177,2,0,7
3,4,45183.0,33,1,7,0,0,64,4729,0,315,0,1,12
4,3,70421.0,98,3,6,0,0,72,4205,1,767,0,0,20
0,2,60161.0,17,3,8,0,0,61,4818,1,1071,0,0,23
2,5,73926.0,54,1,3,0,0,53,4688,0,1580,1,0,23
2,3,19329.0,39,3,8,0,0,58,4401,1,60,2,0,7
3,3,61872.0,81,4,4,0,0,56,4402,1,573,0,0,17
2,6,46984.0,71,1,5,0,0,70,4664,2,41,2,0,4
2,3,34838.0,62,3,6,0,0,75,4730,2,170,2,0,7
4,4,82716.0,8,1,2,0,0,82,4440,0,1167,1,0,27
2,3,48192.0,76,3,8,0,1,68,4653,0,1526,3,3,22
3,3,49681.0,66,6,7,0,0,50,4441,2,458,0,0,15
3,3,56850.0,83,1,2,0,0,55,4302,1,63,2,0,5
2,3,55267.0,28,4,3,0,0,69,4455,1,405,0,0,13
2,3,59666.0,87,7,8,0,0,54,4668,2,1027,0,1,13
2,4,72504.0,43,2,2,0,0,54,4653,1,1478,1,0,20
2,3,26872.0,0,1,6,0,0,45,4460,0,72,2,0,4
2,4,21359.0,1,2,8,0,1,54,4639,1,48,2,0,5
2,4,73170.0,1,1,2,0,0,51,4233,0,726,1,0,15
3,3,52750.0,72,6,4,0,0,71,4714,1,860,0,0,21
4,5,91820.0,72,0,1,0,0,40,4422,0,1497,1,0,22
4,5,65968.0,12,2,3,0,0,56,4252,1,495,0,0,16
2,3,30772.0,89,1,6,0,0,50,4313,2,20,2,0,3
2,4,22507.0,67,3,9,0,0,72,4786,0,570,0,0,16
2,3,65685.0,54,1,5,0,0,54,4296,1,769,0,0,20
0,3,25804.0,34,2,8,0,0,48,4505,1,55,2,0,5
4,4,76412.0,15,1,3,0,1,46,4624,0,1808,3,2,17
2,3,22063.0,43,2,7,0,0,54,4529,1,55,2,0,5
2,4,57091.0,0,1,5,0,1,65,4218,0,577,3,1,17
0,2,78353.0,51,1,8,0,0,67,4643,1,1576,1,0,23
2,3,93404.0,97,3,5,0,0,72,4622,3,1616,0,2,14
2,2,37859.0,75,2,8,0,0,64,4737,3,36,2,0,4
4,6,80995.0,83,1,4,0,0,68,4618,1,1482,1,0,21
2,5,16529.0,23,1,6,0,0,42,4324,1,22,2,0,4
4,2,55412.0,65,1,5,0,0,50,4423,2,63,2,0,5
2,4,48789.0,94,1,6,0,0,34,4861,0,680,0,0,17
4,5,56575.0,42,3,5,0,0,59,4624,2,542,0,0,17
0,5,25130.0,10,2,7,0,0,46,4474,1,50,2,0,5
2,3,35441.0,94,2,8,0,0,59,4704,2,39,2,0,4
2,3,71391.0,50,5,3,0,0,70,4661,1,1043,1,0,23
3,4,49494.0,46,2,7,0,0,54,4634,1,385,2,0,12
2,2,81702.0,98,1,3,0,0,46,4848,0,1633,1,0,26
0,4,45889.0,42,1,6,0,0,46,4566,1,46,2,0,4
2,4,56628.0,30,2,5,0,0,49,4304,1,761,0,1,18
2,5,34026.0,11,3,5,0,0,76,4532,2,76,2,0,6
2,3,40049.0,61,3,5,0,0,52,4781,1,290,0,0,11
2,4,34176.0,12,4,6,0,0,38,4252,1,89,2,0,7
2,3,19419.0,76,4,9,0,0,45,4800,1,70,2,0,7
0,3,82504.0,2,1,1,0,0,66,4541,0,1066,1,0,16
2,5,81205.0,43,1,2,0,1,56,4371,0,2009,3,3,18
0,4,61618.0,27,2,3,0,0,35,4842,0,1345,1,0,17
3,4,55284.0,60,3,5,0,0,70,4756,1,764,0,0,20
2,4,49980.0,79,2,5,0,0,63,4453,1,195,2,0,9
2,3,15072.0,96,4,5,0,0,46,4619,2,53,2,0,7
2,4,49166.0,17,2,6,0,0,52,4585,1,368,2,0,11
0,3,82347.0,38,1,3,0,0,69,4804,0,1853,3,2,24
4,5,30843.0,43,2,5,0,0,60,4238,2,35,2,1,4
4,3,46374.0,1,3,8,0,1,52,4308,1,446,0,2,15
2,4,60474.0,25,7,7,0,0,47,4658,1,1180,0,0,24
3,3,38576.0,2,1,7,0,0,53,4321,1,41,2,0,4
2,3,55357.0,66,3,5,0,0,41,4699,2,727,0,0,19
2,5,37758.0,49,2,8,0,0,60,4837,2,40,2,0,4
0,3,85710.0,5,1,2,0,0,37,4624,0,1062,1,1,25
2,5,23228.0,71,2,8,0,0,57,4358,1,40,2,0,5
3,5,44602.0,35,6,8,0,0,57,4338,2,292,0,0,11
2,3,7500.0,94,1,6,0,0,39,4740,0,15,2,0,3
0,5,38683.0,80,6,7,0,0,37,4837,1,341,2,0,11
0,4,49514.0,61,2,7,0,0,51,4398,1,369,2,0,11
4,5,57906.0,29,3,4,0,0,53,4587,1,401,0,0,14
3,4,43456.0,0,3,5,0,0,60,4664,1,393,0,0,14
3,4,19485.0,80,1,7,0,0,40,4482,2,10,2,0,3
2,5,53172.0,54,3,3,0,0,48,4623,1,486,0,0,13
2,5,30545.0,71,2,7,0,0,47,4824,1,69,2,0,5
4,5,70123.0,27,1,3,0,0,43,4478,0,1727,3,2,16
2,4,62450.0,61,2,3,0,0,67,4378,1,995,0,1,14
2,5,21675.0,55,3,7,0,0,50,4222,1,45,2,0,7
0,4,42395.0,35,4,7,0,0,45,4290,2,182,2,0,8
3,5,61346.0,34,1,3,0,0,48,4470,1,989,1,0,22
2,5,80812.0,95,1,2,0,0,73,4489,0,1677,3,3,17
3,2,42835.0,64,7,6,0,0,55,4568,2,595,0,0,16
2,3,39922.0,30,2,8,0,0,43,4704,1,156,2,0,7
3,4,86424.0,12,1,1,0,0,70,4289,0,1226,1,0,27
0,5,17117.0,96,4,9,0,0,48,4732,1,128,2,0,7
2,4,24762.0,16,3,8,0,1,54,4343,1,86,2,1,6
2,3,35797.0,16,2,8,0,0,51,4825,1,68,2,0,5
2,2,36627.0,78,1,5,0,0,51,4545,2,16,2,0,3
0,3,51111.0,83,2,6,0,0,45,4214,2,55,2,0,5
4,5,82072.0,67,1,1,0,0,56,4566,0,2018,1,0,18
4,4,46231.0,87,4,9,0,0,73,4784,3,263,0,0,11
2,3,42243.0,34,2,7,0,0,67,4404,2,55,2,0,5
2,5,51195.0,46,8,8,0,0,64,4658,2,564,0,0,16
3,4,68092.0,7,2,5,0,0,48,4399,0,1281,1,0,18
2,3,31814.0,73,2,9,0,0,53,4709,1,83,2,1,5
3,6,51390.0,54,6,5,0,0,61,4863,2,353,0,0,12
2,3,76630.0,93,1,1,0,0,43,4370,0,1003,1,0,24
1,4,26868.0,52,1,7,0,0,35,4264,1,14,2,0,3
4,4,55260.0,81,2,6,0,0,54,4768,1,1139,0,0,23
2,5,64090.0,8,1,5,0,1,70,4530,1,797,1,0,19
2,2,78331.0,97,2,4,0,0,68,4361,1,1638,1,0,23
4,3,37087.0,50,3,6,0,0,52,4526,1,401,2,0,14
2,2,21846.0,38,4,8,0,0,40,4454,1,84,2,0,7
2,3,81320.0,61,1,2,0,0,68,4712,0,928,1,0,17
2,2,54137.0,46,2,6,0,0,56,4521,1,203,2,0,9
2,5,66825.0,73,1,2,0,0,59,4554,0,858,1,0,15
2,5,57100.0,19,1,3,0,0,53,4411,0,409,2,0,12
2,5,58917.0,10,5,5,0,0,57,4666,3,282,0,0,11
2,4,85072.0,94,1,0,0,0,49,4285,0,1423,1,0,17
2,4,86429.0,10,0,2,0,1,65,4424,0,1449,3,1,18
2,6,45684.0,37,1,7,0,0,55,4413,1,28,2,0,3
2,5,47889.0,94,1,5,0,0,52,4380,1,67,2,0,5
4,3,45921.0,23,1,4,0,0,40,4315,0,199,2,0,9
4,4,78420.0,75,1,1,0,0,60,4569,0,1453,1,0,21
2,5,75114.0,40,1,2,0,0,34,4438,0,1253,1,0,18
4,6,52278.0,24,6,8,0,1,63,4724,1,1198,0,0,25
3,3,35641.0,11,2,7,0,1,54,4554,1,178,2,0,8
2,4,95529.0,29,1,3,0,1,32,4777,0,1990,3,1,17
2,3,62820.0,51,1,1,0,0,72,4618,0,976,1,0,13
3,5,73113.0,86,1,2,0,0,66,4389,0,1001,1,0,14
0,4,42607.0,30,2,3,0,0,72,4428,1,350,2,0,12
4,4,74637.0,73,1,3,0,0,72,4611,0,1650,1,1,24
4,5,46015.0,25,1,7,0,0,71,4281,2,46,2,2,4
2,4,72354.0,67,1,1,0,0,33,4642,0,1228,1,0,18
3,4,39858.0,67,1,6,0,1,57,4725,1,95,2,0,6
4,3,34469.0,58,3,4,0,0,78,4260,2,62,2,0,6
2,5,83033.0,82,1,5,0,0,40,4246,1,1761,1,1,25
3,5,24401.0,98,3,8,0,0,47,4871,0,467,0,0,13
2,3,77583.0,93,1,2,0,0,48,4343,0,1149,1,1,18
0,4,74116.0,53,1,2,0,0,44,4385,0,2052,1,1,18
4,3,68397.0,6,1,3,0,0,50,4428,1,1416,1,0,20
4,5,79632.0,42,1,2,0,0,52,4286,0,1113,1,0,19
2,4,46107.0,78,1,3,0,0,37,4343,1,125,2,0,6
4,4,64950.0,29,2,7,0,0,75,4890,1,966,0,1,23
1,3,25443.0,82,1,8,0,0,37,4758,1,32,2,0,4
4,5,32892.0,78,2,8,0,0,55,4239,1,46,2,0,6
2,5,71796.0,54,1,4,0,0,55,4452,0,960,1,0,16
4,3,67536.0,45,3,8,0,0,56,4607,1,1829,0,1,27
2,4,55239.0,59,3,5,0,0,55,4554,1,779,0,0,23
4,2,60554.0,8,2,6,0,0,51,4528,1,811,0,0,21
0,4,64831.0,51,8,6,0,0,74,4588,2,1120,0,0,14
4,5,56067.0,51,2,5,0,0,64,4548,1,725,0,0,18
2,2,82025.0,76,1,1,0,1,43,4601,0,1187,3,1,11
2,5,94384.0,62,0,2,0,1,73,4686,0,2302,3,3,18
1,4,14906.0,86,3,7,0,0,40,4758,0,66,2,0,6
4,3,51563.0,60,1,8,0,0,39,4840,0,1250,3,2,18
0,3,57937.0,56,3,3,0,0,44,4337,1,683,0,0,17
2,2,68274.0,83,2,3,0,0,47,4476,2,305,2,0,11
2,5,39771.0,92,1,4,0,0,49,4409,1,50,2,0,5
0,2,67893.0,31,2,8,0,0,51,4840,1,995,0,0,14
4,5,27922.0,80,1,4,0,0,47,4254,1,41,2,0,5
4,5,52190.0,39,3,5,0,0,50,4256,2,77,2,1,6
3,2,44051.0,20,4,6,0,1,53,4720,2,171,2,0,8
4,4,42767.0,53,1,8,0,0,55,4618,2,131,2,0,6
3,5,46106.0,84,1,6,0,0,50,4253,2,54,2,0,4
4,3,16927.0,50,5,8,0,0,50,4708,2,53,2,0,7
2,3,59754.0,96,3,5,0,1,61,4779,1,475,0,0,13
2,4,53700.0,94,4,5,0,0,74,4885,1,694,0,0,18
2,3,59041.0,25,2,5,0,0,53,4257,2,96,2,0,6
4,2,54237.0,48,4,6,0,0,69,4632,1,361,0,0,12
2,2,70647.0,65,2,2,0,0,59,4850,1,1079,1,0,24
4,4,52597.0,69,3,5,0,0,64,4257,1,578,0,0,17
3,5,41021.0,12,2,6,0,1,57,4750,1,64,2,0,5
4,3,40233.0,84,5,6,0,0,51,4462,1,149,2,0,8
2,3,50183.0,47,7,5,0,0,46,4208,2,231,0,0,10
2,5,54753.0,87,3,4,0,0,67,4494,1,728,0,0,18
2,3,92955.0,35,1,2,0,1,53,4518,0,1778,3,2,22
2,3,33471.0,47,3,7,0,0,53,4829,1,93,2,0,7
4,3,34596.0,48,1,8,0,1,52,4646,1,23,2,0,3
2,5,44010.0,46,6,9,0,0,46,4828,1,662,0,0,18
2,3,84219.0,27,1,1,0,0,38,4351,0,1198,1,0,17
4,5,40706.0,37,4,7,0,0,58,4732,3,81,2,0,7
0,3,15716.0,8,3,8,1,0,38,4798,1,92,2,0,7
0,2,59052.0,29,3,5,0,0,67,4428,1,491,0,0,15
3,5,80573.0,85,1,2,0,0,55,4827,0,1564,1,0,23
2,3,83715.0,2,1,0,0,0,64,4350,0,926,1,0,23
3,5,82576.0,66,1,1,0,0,67,4901,0,1910,1,1,18
2,3,35704.0,54,3,4,0,0,74,4381,2,94,2,0,6
2,5,53103.0,70,5,7,0,0,72,4494,1,1085,0,1,23
0,6,46779.0,55,1,4,0,0,66,4556,2,23,2,0,3
2,2,4861.0,20,0,14,0,0,61,4211,0,6,2,0,0
3,2,33462.0,78,1,7,0,0,47,4530,1,54,2,0,5
2,3,80763.0,17,1,3,0,1,76,4522,0,1415,3,2,22
4,3,65352.0,43,2,4,0,0,52,4516,1,405,0,0,14
4,3,82170.0,13,1,2,0,0,48,4420,0,1908,1,0,18
2,3,75759.0,46,1,5,0,1,57,4451,0,2486,3,3,25
0,4,79689.0,65,1,2,0,0,50,4617,0,1315,1,0,26
4,6,35340.0,1,2,5,0,0,70,4204,2,45,2,0,5
2,2,85683.0,6,1,1,0,1,72,4304,0,1789,3,4,16
0,3,24884.0,32,1,7,0,0,54,4781,1,19,2,0,3
3,5,42021.0,34,5,9,0,0,45,4871,1,573,0,1,17
2,4,64449.0,70,4,4,0,0,37,4335,1,805,1,0,20
2,2,64587.0,49,2,3,0,0,72,4211,2,108,2,0,6
2,5,75437.0,25,1,6,0,0,48,4436,0,1493,1,1,22
2,3,52845.0,7,3,6,0,0,53,4524,1,936,1,1,22
2,2,46086.0,34,4,4,0,0,70,4442,1,343,0,0,12
4,6,78028.0,38,1,7,0,1,70,4861,1,528,3,2,19
4,4,95169.0,1,1,1,0,1,39,4467,0,1901,3,2,11
0,3,56337.0,25,5,8,0,1,45,4663,2,724,0,2,17
2,5,22434.0,25,2,8,0,0,39,4705,1,58,2,0,5
4,3,36930.0,50,5,8,0,0,72,4612,1,297,0,0,11
2,4,36130.0,46,6,4,0,1,72,4716,1,488,0,1,15
3,3,65569.0,96,2,3,0,0,73,4805,1,859,0,0,21
2,3,19514.0,47,4,8,0,0,58,4358,2,69,2,1,6
4,4,36736.0,52,1,6,0,0,63,4619,2,17,2,0,3
2,5,77568.0,30,1,5,0,0,47,4877,1,2194,3,3,20
4,5,49187.0,63,1,2,0,0,50,4373,1,116,2,0,7
2,4,30168.0,51,7,9,0,0,48,4683,1,279,0,0,11
3,5,34053.0,14,1,8,0,0,58,4861,1,103,2,0,6
3,3,38196.0,20,3,5,0,0,55,4276,2,44,2,0,6
3,3,59412.0,56,1,3,0,0,75,4275,0,406,1,0,14
0,3,70924.0,41,1,3,0,0,61,4287,0,1363,1,1,19
2,5,54165.0,72,1,2,0,0,57,4601,0,236,2,0,10
2,3,32300.0,1,1,8,0,0,53,4746,1,39,2,0,4
2,4,20180.0,27,1,7,0,0,50,4698,0,137,2,0,7
2,3,34961.0,77,3,7,0,0,53,4214,1,79,2,0,7
4,5,28440.0,87,1,8,0,0,52,4561,1,63,2,0,5
4,5,64504.0,81,7,7,0,1,73,4686,3,1314,0,0,18
3,5,33564.0,51,1,5,0,0,60,4209,1,71,2,0,5
2,3,17345.0,79,2,8,0,0,48,4807,1,58,2,0,5
4,3,56320.0,11,3,4,0,0,59,4651,1,702,0,0,18
2,4,28647.0,54,1,7,0,1,48,4516,1,94,2,1,6
1,4,15038.0,93,2,9,0,0,39,4720,1,80,2,0,5
4,2,32173.0,0,1,4,0,0,68,4536,1,22,2,0,4
0,5,68316.0,54,5,6,0,0,62,4806,1,1211,0,0,27
2,5,74538.0,21,1,3,0,1,55,4569,0,1461,3,1,21
2,4,91700.0,58,1,3,0,1,55,4732,0,1968,1,0,19
2,5,68695.0,3,1,2,0,0,57,4208,0,1091,1,0,15
0,3,31056.0,99,1,8,0,0,49,4727,1,55,2,0,4
2,4,28071.0,65,2,8,0,0,46,4873,0,313,2,0,11
4,5,37334.0,44,4,4,0,0,68,4327,2,62,2,0,7
3,4,46423.0,6,3,7,0,0,54,4488,2,92,2,0,6
4,3,37126.0,9,1,6,0,1,55,4295,1,72,2,1,5
2,3,47703.0,95,4,5,0,0,73,4600,1,655,0,0,17
2,3,61180.0,70,2,3,0,0,67,4271,1,704,0,1,16
2,3,38998.0,92,3,8,1,0,72,4807,2,54,2,0,5
2,4,8028.0,62,15,19,0,0,35,4853,0,178,0,0,1
2,5,76081.0,85,1,2,0,0,64,4241,0,1033,1,1,13
2,5,34728.0,2,1,6,0,1,40,4538,1,36,2,0,4
3,4,33168.0,0,3,7,0,0,61,4828,1,122,2,0,7
3,3,33585.0,91,1,4,0,0,60,4481,1,122,2,0,6
4,3,77037.0,3,1,3,0,0,66,4463,1,1123,1,0,26
2,5,35196.0,68,6,8,0,1,42,4797,1,497,0,0,12
2,3,44529.0,98,6,5,0,0,60,4563,1,691,0,1,19
4,5,28764.0,16,1,8,0,0,60,4228,2,12,2,1,3
4,3,69098.0,82,1,5,0,0,77,4702,0,2440,1,0,24
0,2,25959.0,1,2,6,0,1,56,4704,2,56,2,0,5
3,3,27100.0,64,1,7,0,0,43,4654,1,37,2,0,4
2,4,70596.0,68,1,2,0,0,41,4836,0,968,1,0,20
2,3,42557.0,98,4,8,0,0,52,4873,1,270,0,0,11
4,3,53312.0,32,1,7,0,0,75,4528,0,278,2,0,11
2,4,72228.0,87,1,3,0,0,74,4783,0,1250,1,0,21
2,5,67605.0,84,1,1,0,0,39,4659,0,938,1,0,16
3,3,62845.0,3,11,8,0,0,77,4840,2,1178,0,1,17
2,5,65196.0,34,2,5,0,0,68,4543,2,1155,0,1,24
4,4,42000.0,23,2,5,0,1,39,4739,0,653,1,0,18
4,2,35860.0,37,2,5,0,0,53,4245,2,49,2,1,4
4,3,65526.0,22,1,2,0,0,62,4283,1,506,0,0,16
2,3,16860.0,19,3,7,0,0,65,4859,2,38,2,0,5
2,4,83528.0,7,1,1,0,1,34,4263,0,1650,3,2,22
0,2,64176.0,52,8,6,0,0,61,4899,1,1826,0,0,25
2,2,22304.0,91,1,8,0,0,70,4898,0,18,2,0,3
2,3,67023.0,93,1,2,1,0,48,4321,0,906,1,0,23
2,5,70713.0,23,6,3,0,0,60,4777,1,1477,1,0,19
2,5,59925.0,83,3,6,0,0,71,4780,1,766,0,0,20
2,3,39722.0,92,2,5,0,0,73,4329,1,47,2,0,5
2,5,46610.0,4,1,6,0,0,68,4550,0,467,2,0,13
2,5,88347.0,32,1,1,0,0,65,4565,0,2116,1,1,20
4,3,87171.0,27,1,2,0,0,45,4628,0,1298,3,2,24
0,5,26907.0,10,2,7,0,0,50,4517,2,22,2,0,4
3,4,50014.0,9,2,5,0,0,58,4362,1,396,2,0,13
4,3,41014.0,65,1,7,0,0,48,4637,1,20,2,0,3
2,4,66294.0,68,1,2,0,0,61,4308,0,967,1,0,12
2,3,36715.0,16,6,9,0,1,55,4793,1,357,0,0,13
2,3,79456.0,12,1,3,0,1,70,4880,0,1401,1,0,15
2,5,40479.0,95,1,4,0,0,44,4520,1,15,2,0,3
3,4,75345.0,16,1,3,0,1,56,4716,0,2087,3,1,19
2,3,54233.0,46,4,8,0,0,49,4714,1,981,0,0,22
2,4,24163.0,3,2,4,0,0,56,4464,2,17,2,0,4
4,5,84460.0,80,0,5,0,1,68,4745,0,523,3,4,22
2,5,43776.0,77,1,6,0,0,43,4261,1,23,2,0,3
4,4,71691.0,0,1,2,0,1,68,4308,0,1192,1,0,16
4,3,85844.0,62,1,2,0,0,53,4235,0,1958,1,1,19
4,4,39190.0,91,2,5,0,0,52,4268,1,133,2,0,7
4,4,38578.0,2,3,8,0,0,54,4576,2,73,2,0,6
4,3,57236.0,22,3,3,0,0,61,4313,2,121,2,0,7
2,4,61825.0,56,1,4,0,0,47,4530,1,424,2,0,14
2,2,79803.0,54,1,1,0,0,68,4231,1,868,0,0,12
0,4,80910.0,71,1,1,0,0,40,4810,0,756,1,0,14
3,5,27590.0,38,1,7,0,0,44,4636,1,12,2,0,3
2,3,56775.0,62,2,5,0,0,47,4747,1,937,0,0,23
2,2,83829.0,78,0,1,0,1,51,4468,0,1862,3,3,17
0,3,54210.0,18,2,5,0,0,47,4609,1,367,2,0,12
2,3,38508.0,95,6,8,0,0,40,4535,1,443,0,0,14
2,5,53187.0,66,2,5,0,0,56,4450,1,267,2,0,11
2,3,30023.0,28,1,8,0,0,54,4301,1,61,2,0,5
4,4,76045.0,78,1,2,0,0,66,4430,0,1323,1,1,20
4,3,50870.0,13,1,5,0,0,74,4214,1,63,2,0,5
0,3,65463.0,17,2,5,0,0,52,4354,1,562,0,1,17
2,3,66480.0,71,7,4,0,0,61,4233,2,312,0,0,12
2,2,76773.0,79,1,1,0,0,72,4693,0,1156,1,0,15
0,4,81698.0,1,1,5,0,1,43,4689,0,1104,3,1,15
4,4,54466.0,78,1,5,0,0,53,4344,2,16,2,0,3
4,4,16269.0,75,3,8,0,0,42,4507,1,44,2,0,6
2,5,71819.0,70,3,6,0,0,55,4509,1,1574,3,2,11
4,3,33569.0,10,1,8,0,1,43,4460,1,63,2,1,4
3,3,36262.0,24,1,6,0,1,43,4486,0,426,2,1,11
1,5,22634.0,47,1,8,0,0,60,4733,0,96,2,0,5
0,3,47025.0,98,5,9,0,0,48,4494,1,635,0,0,18
2,4,70566.0,4,2,3,0,0,58,4470,1,757,0,0,20
4,3,31605.0,15,2,7,0,0,47,4788,1,125,2,0,7
3,2,52034.0,67,5,7,0,0,53,4612,2,332,0,0,11
2,4,48526.0,32,1,3,0,0,47,4391,1,135,2,0,7
2,3,46734.0,40,2,7,0,0,72,4792,1,330,0,0,12
2,2,39552.0,54,7,8,0,1,64,4762,2,384,0,0,13
2,4,86358.0,78,4,8,0,0,60,4894,2,1722,0,0,14
2,5,46931.0,94,2,3,0,0,49,4270,3,78,2,0,5
1,4,16581.0,51,1,4,0,0,41,4737,0,24,2,0,3
0,2,63998.0,42,1,4,0,1,74,4395,0,1168,1,0,24
3,3,67381.0,67,4,7,0,0,75,4734,1,957,0,1,13
2,4,25930.0,87,1,7,0,0,59,4466,2,15,2,0,3
2,3,42693.0,29,1,5,0,0,48,4226,1,57,2,0,4
2,5,85606.0,89,2,3,0,0,50,4798,1,1956,1,1,22
2,4,72903.0,74,1,4,0,1,41,4447,0,2013,3,3,20
0,5,49669.0,97,2,6,0,0,52,4240,1,326,2,0,12
4,3,36778.0,63,3,9,0,0,58,4897,2,77,2,0,6
4,2,85696.0,88,1,1,0,1,64,4626,0,1313,1,0,19
2,3,49678.0,81,2,7,0,0,65,4716,1,315,0,0,12
2,3,37155.0,51,1,5,0,0,37,4718,1,74,2,0,6
0,2,21282.0,76,2,6,0,0,48,4253,1,46,2,0,5
4,4,33419.0,76,2,7,0,0,64,4520,1,86,2,0,6
2,6,63285.0,84,1,3,0,0,81,4440,0,1103,1,0,24
3,5,21255.0,56,4,4,0,0,52,4363,1,61,2,0,7
2,5,42162.0,31,2,6,0,1,45,4426,1,145,2,1,7
2,5,54450.0,0,12,8,0,0,70,4857,2,684,0,0,19
4,3,57744.0,91,2,8,0,0,72,4433,1,411,0,0,14
2,4,26576.0,40,1,9,0,1,40,4828,1,27,2,1,3
4,6,57513.0,59,2,6,0,0,83,4562,0,1060,0,0,25
2,5,68142.0,96,3,6,0,0,62,4873,1,1459,1,0,21
2,3,7500.0,61,1,8,0,0,47,4873,1,18,2,0,3
2,5,83145.0,14,1,2,0,1,52,4849,0,1833,3,1,25
3,3,54197.0,16,2,1,0,0,66,4291,1,237,2,0,10
4,4,23091.0,98,4,7,0,0,63,4236,2,48,2,0,6
2,3,46049.0,11,10,7,0,1,50,4547,2,515,0,0,16
2,5,56715.0,52,1,4,0,0,52,4775,0,1020,1,0,14
2,3,79410.0,19,1,1,0,0,65,4235,0,1370,1,0,10
2,3,57304.0,61,2,5,0,0,75,4679,1,1026,1,0,23
2,3,44375.0,73,1,5,0,0,61,4302,1,301,2,0,11
2,3,59594.0,74,1,7,0,0,61,4821,1,499,0,1,16
2,5,80685.0,55,1,2,0,0,32,4880,0,1004,1,0,20
4,3,40344.0,48,2,7,0,0,52,4463,1,218,2,0,10
2,3,62710.0,53,4,4,0,0,54,4606,1,606,0,0,18
0,3,48985.0,13,1,3,0,0,58,4563,1,75,2,0,5
2,5,35322.0,34,3,8,0,0,58,4880,3,106,2,0,6
2,3,77142.0,54,1,2,0,0,78,4600,0,990,1,0,16
2,4,81657.0,69,1,1,0,0,57,4362,0,1097,1,0,15
1,3,14421.0,81,1,5,0,0,30,4336,0,16,2,1,3
4,3,74214.0,3,1,5,0,0,36,4876,0,1711,1,0,15
3,3,66726.0,61,3,7,0,0,69,4372,2,438,0,1,14
1,5,23724.0,65,2,8,0,0,47,4741,1,75,2,0,5
3,3,47353.0,93,3,5,0,0,66,4432,1,225,2,0,10
3,3,33444.0,24,1,8,0,0,74,4807,2,18,2,0,3
2,3,54386.0,8,2,3,0,0,45,4612,1,470,0,0,15
2,2,28510.0,72,3,5,0,0,45,4646,2,91,2,0,6
3,4,90638.0,29,1,1,0,0,35,4340,0,2525,1,1,17
2,5,48070.0,33,3,7,1,0,76,4736,1,504,0,0,16
2,3,43140.0,68,1,6,0,0,69,4744,1,235,2,0,10
4,2,54959.0,55,3,7,0,1,65,4730,1,1232,0,1,18
1,4,15056.0,76,5,5,0,0,68,4626,2,88,2,0,7
2,4,26954.0,17,1,7,0,0,55,4256,1,17,2,0,3
2,4,22327.0,94,1,5,0,0,41,4535,1,24,2,0,4
2,3,44393.0,86,2,4,0,0,61,4515,2,60,2,0,5
4,4,62000.0,25,1,4,0,0,74,4512,1,1020,0,1,25
4,5,31497.0,22,2,8,0,0,64,4774,1,155,2,0,8
0,3,45894.0,15,1,5,0,0,52,4326,2,51,2,0,4
3,2,78579.0,35,1,3,0,1,56,4758,0,1812,1,0,15
3,6,67369.0,81,4,4,0,1,57,4793,1,1461,3,2,21
2,2,58401.0,55,1,4,0,0,66,4274,1,96,2,0,5
2,4,62307.0,94,1,5,0,0,74,4336,1,160,2,0,8
3,3,43641.0,50,3,6,0,0,57,4637,2,139,2,0,7
3,3,70091.0,11,2,8,0,0,57,4659,1,1161,0,1,17
4,3,78075.0,72,1,1,0,0,54,4289,0,988,1,0,13
0,6,59184.0,6,3,5,0,0,65,4862,1,1072,1,0,24
2,3,54809.0,0,4,4,0,0,49,4495,2,174,2,0,8
2,3,58113.0,66,3,7,1,0,67,4724,1,758,0,0,19
3,3,51412.0,42,2,4,0,0,68,4384,1,195,2,0,9
3,5,66636.0,64,1,1,0,0,69,4520,0,1084,1,0,16
3,3,50965.0,87,3,8,0,0,70,4698,1,685,0,1,19
2,3,18351.0,1,1,7,0,0,36,4447,0,43,2,0,5
4,5,40451.0,54,1,5,0,0,69,4337,2,49,2,1,4
2,5,36317.0,53,2,7,0,0,61,4607,1,133,2,0,7
2,5,42213.0,96,2,7,0,0,69,4464,1,363,0,1,13
2,5,65748.0,58,2,1,1,0,71,4644,1,545,1,0,16
2,5,77044.0,12,2,4,0,0,54,4449,1,1065,1,1,29
2,5,74918.0,78,1,3,0,0,57,4678,0,2047,1,1,20
2,3,56721.0,64,5,6,0,0,54,4810,2,296,0,0,10
2,4,42160.0,26,4,6,0,1,51,4570,2,140,2,0,7
2,4,61559.0,8,1,3,0,0,61,4551,1,530,0,0,16
4,5,33629.0,49,5,9,0,0,63,4894,2,152,0,0,8
2,4,34377.0,55,2,7,0,0,63,4730,1,114,2,0,6
1,4,8940.0,25,3,8,0,0,40,4880,1,101,2,0,7
2,3,26228.0,50,1,8,0,0,53,4484,1,25,2,0,3
0,2,77297.0,84,1,4,0,0,69,4723,0,789,1,1,21
2,3,40211.0,30,2,8,0,0,45,4538,2,87,2,1,5
4,6,33438.0,81,4,5,0,0,68,4484,2,90,2,0,7
4,3,75032.0,74,2,3,0,0,67,4631,1,1215,0,0,18
4,4,61284.0,76,1,6,0,0,71,4464,0,811,0,1,21
2,3,22518.0,36,2,5,0,1,40,4819,1,61,2,1,5
3,3,54730.0,64,5,4,0,0,51,4522,1,405,0,0,13
3,3,38452.0,62,3,7,0,0,71,4295,2,72,2,0,6
2,2,44421.0,53,5,8,0,0,55,4703,2,189,2,0,9
4,5,38197.0,86,1,5,0,0,40,4569,1,40,2,0,4
2,2,41986.0,15,3,4,0,0,48,4344,1,63,2,0,7
2,5,28427.0,67,2,8,0,0,43,4669,1,52,2,0,5
4,5,37395.0,47,1,6,0,0,50,4262,1,39,2,0,4
2,3,64722.0,47,4,6,0,0,55,4238,1,805,0,0,21
3,5,55249.0,81,1,3,0,0,70,4277,1,130,2,0,7
2,5,84906.0,98,1,2,0,0,54,4472,0,1631,3,3,23
2,4,44213.0,48,4,6,0,0,74,4416,2,152,2,0,8
1,4,25707.0,18,1,7,0,0,42,4366,1,21,2,0,4
4,3,59062.0,74,2,4,0,0,59,4473,3,71,2,0,5
2,4,76624.0,68,1,1,0,0,64,4240,1,899,1,1,22
3,5,66000.0,36,1,1,0,0,79,4274,0,711,1,0,9
4,5,27683.0,90,4,8,0,0,48,4898,1,351,0,0,12
2,2,1730.0,65,15,20,0,0,55,4246,0,8,2,0,0
1,4,7500.0,63,4,9,0,0,34,4777,1,119,2,0,7
2,5,40521.0,82,1,5,0,0,58,4654,2,21,2,0,3
4,5,20427.0,63,1,8,0,0,53,4301,1,10,2,0,3
2,3,65106.0,55,3,6,0,0,51,4240,1,973,0,1,24
4,3,69969.0,64,1,3,0,1,61,4510,0,1536,3,2,12
2,3,67433.0,51,4,4,0,0,74,4552,2,992,0,1,24
4,3,77766.0,97,2,6,0,1,59,4696,1,1529,3,1,32
2,3,74716.0,92,2,4,0,0,54,4494,1,860,1,0,15
4,3,55158.0,72,4,7,0,1,56,4903,2,418,0,0,14
0,3,62972.0,39,2,6,0,1,71,4899,1,587,0,0,14
2,3,74190.0,49,2,2,0,0,51,4252,1,641,1,0,17
2,3,39356.0,21,1,6,0,0,50,4306,2,23,2,1,3
2,5,76653.0,91,1,2,0,0,57,4521,0,2279,3,2,22
4,2,90687.0,98,1,2,0,1,43,4607,0,1779,3,1,16
3,5,73450.0,85,1,3,0,0,44,4410,0,1804,3,2,26
2,3,31454.0,40,3,8,0,0,66,4562,2,48,2,0,5
2,4,47139.0,2,2,7,0,1,74,4319,2,83,2,0,5
4,3,53378.0,41,10,8,0,1,63,4847,2,793,0,0,19
2,5,19656.0,94,3,7,0,0,56,4710,1,84,2,0,6
4,3,45579.0,10,1,6,0,0,78,4517,1,183,2,0,9
0,4,85485.0,73,1,2,0,0,68,4212,0,1383,1,0,18
2,3,55956.0,22,2,4,0,0,82,4287,0,999,0,1,14
3,4,64191.0,30,3,3,0,0,63,4727,1,825,0,0,21
2,4,38808.0,21,4,8,0,1,54,4876,1,246,0,1,10
3,3,57183.0,51,8,8,0,0,60,4671,2,610,0,0,17
3,2,23748.0,97,3,8,0,0,58,4789,1,76,2,0,6
2,3,66303.0,56,4,8,0,0,55,4692,1,1286,0,1,18
3,3,37368.0,4,1,6,0,0,51,4399,1,30,2,1,3
2,3,40800.0,77,2,7,1,0,62,4748,3,99,2,0,6
2,2,71847.0,95,0,3,0,0,48,4850,0,1192,1,1,22
2,3,46149.0,36,5,5,0,0,51,4416,1,362,0,0,13
2,5,78687.0,13,1,2,0,1,43,4893,0,2130,3,1,18
0,2,49118.0,90,2,7,0,1,55,4884,0,1229,3,2,26
4,3,37633.0,49,2,9,0,0,69,4851,2,38,2,0,4
3,5,39767.0,18,2,8,0,0,75,4547,0,485,0,0,15
1,3,26997.0,89,2,7,0,0,75,4805,0,434,2,0,11
2,2,33986.0,43,1,7,0,0,56,4676,1,44,2,0,4
4,3,57091.0,82,2,7,0,1,54,4787,1,496,0,1,16
0,3,46831.0,84,2,4,0,0,57,4590,2,78,2,0,5
3,3,83151.0,80,1,2,0,1,54,4708,0,2346,3,3,22
2,3,52531.0,68,2,6,0,0,55,4750,0,794,1,0,19
2,3,15759.0,12,1,7,0,0,70,4501,0,17,2,0,3
0,3,43050.0,10,2,5,0,0,53,4307,1,76,2,0,6
4,4,42997.0,91,1,7,0,0,49,4408,2,15,2,0,3
4,4,48918.0,21,2,4,0,0,63,4282,2,62,2,0,5
3,5,60033.0,28,2,2,0,0,72,4296,1,198,2,0,8
4,5,34043.0,97,1,9,0,0,48,4451,1,49,2,0,4
2,5,57811.0,49,5,5,0,0,60,4574,1,802,0,1,20
2,3,78569.0,14,1,1,0,1,80,4334,0,1736,3,1,14
2,4,7500.0,5,4,6,0,0,48,4753,2,57,2,0,6
0,3,23148.0,83,1,7,0,0,41,4335,0,37,2,0,5
2,2,44267.0,48,5,9,0,0,56,4693,2,310,0,0,11
2,3,71626.0,94,1,3,0,0,47,4809,0,1305,1,1,18
2,5,60894.0,61,5,7,0,0,60,4570,1,832,0,0,21
2,5,50200.0,70,6,8,0,0,50,4656,2,401,0,0,13
4,3,81051.0,43,1,2,0,0,61,4241,0,1501,3,2,22
2,3,65169.0,23,1,6,0,1,44,4370,0,1189,3,4,27
2,5,59868.0,37,7,6,0,0,54,4546,1,1194,0,0,25
4,3,65695.0,50,2,4,0,0,66,4353,1,656,0,0,19
3,4,64857.0,78,1,4,0,0,70,4787,0,1540,1,0,22
3,5,45143.0,74,3,7,0,0,61,4511,1,311,0,0,12
0,5,74805.0,14,5,2,0,0,71,4439,1,820,1,0,21
0,3,59060.0,77,3,4,0,0,37,4373,1,274,2,0,11
4,4,27238.0,39,3,9,0,0,64,4639,2,57,2,0,6
2,5,47009.0,89,4,4,0,0,61,4475,1,448,0,0,13
0,3,46094.0,62,1,7,0,0,53,4223,2,44,2,0,4
2,5,37235.0,68,1,4,0,0,42,4352,1,61,2,0,4
3,3,81843.0,13,1,3,0,0,66,4637,0,1643,1,0,26
3,5,46692.0,37,3,6,0,0,68,4592,1,397,0,0,12
2,5,77382.0,36,2,1,0,0,58,4377,1,1121,1,1,24
2,4,37774.0,28,4,9,1,1,49,4868,2,473,0,1,12
1,3,18393.0,2,2,8,0,0,52,4296,1,50,2,0,6
3,3,72828.0,17,6,7,0,0,64,4704,1,1678,0,0,22
2,3,24711.0,86,1,7,0,0,44,4276,0,58,2,0,6
4,3,45503.0,54,1,5,0,0,51,4481,1,170,2,0,8
3,4,6560.0,2,0,17,0,0,44,4403,0,373,2,0,2
4,5,71604.0,3,1,4,0,1,81,4428,0,1196,3,1,16
2,3,27244.0,84,2,7,0,0,47,4318,1,101,2,0,6
2,3,48752.0,8,5,9,0,1,57,4768,2,316,0,0,12
2,3,71434.0,4,3,4,0,0,64,4488,1,1400,3,2,18
2,4,90842.0,57,1,1,0,0,78,4539,0,1424,1,0,26
3,3,88097.0,24,1,9,0,1,48,4884,1,844,3,3,19
2,3,51948.0,51,2,5,0,0,51,4489,1,311,2,0,11
2,5,71853.0,29,1,1,0,0,44,4621,0,1149,1,0,16
3,3,35876.0,13,1,6,0,0,43,4274,0,129,2,0,7
2,6,40049.0,23,1,6,0,0,74,4460,1,32,2,0,4
2,4,39660.0,36,3,9,0,1,44,4894,1,299,2,0,11
2,5,50127.0,88,1,6,0,0,64,4235,1,320,2,1,12
3,3,43263.0,2,3,5,0,0,49,4789,1,441,0,0,13
3,3,62845.0,3,11,8,0,1,77,4840,2,1178,0,1,17
2,3,18929.0,15,1,6,0,0,36,4702,0,85,2,0,5
1,4,24367.0,58,1,9,0,0,44,4670,1,24,2,0,3
0,3,26887.0,27,1,6,0,0,67,4708,1,30,2,0,4
2,5,62061.0,12,3,6,0,0,50,4506,1,800,0,1,21
4,5,76542.0,91,1,2,0,0,70,4660,0,1483,1,0,22
2,4,70515.0,12,1,2,0,1,33,4455,0,1258,1,0,16
2,5,18227.0,21,1,8,0,0,39,4802,1,28,2,0,3
2,3,69139.0,23,1,4,0,0,61,4357,1,227,2,0,10
2,3,69109.0,10,1,4,0,1,44,4801,0,1555,3,1,19
2,4,69627.0,35,2,5,0,0,64,4673,1,861,1,0,21
2,3,38136.0,69,2,8,0,0,48,4637,1,103,2,1,6
4,4,62159.0,68,1,4,0,0,80,4266,0,634,1,0,18
2,4,80695.0,85,1,2,0,0,63,4386,0,1918,1,0,18
3,4,33316.0,34,3,6,0,0,55,4472,2,131,2,0,7
2,5,58554.0,55,6,7,0,0,58,4845,2,586,0,0,16
1,3,17256.0,10,2,8,0,0,34,4422,1,62,2,1,5
2,2,53034.0,30,8,8,0,0,52,4599,2,447,0,0,14
0,5,52203.0,36,1,6,0,0,76,4902,0,939,1,0,26
0,2,59601.0,14,4,8,0,0,49,4543,1,797,0,1,11
3,4,75154.0,79,1,3,0,1,68,4867,1,1143,1,0,15
2,4,47025.0,52,3,6,0,0,50,4438,1,415,0,0,14
2,3,37971.0,97,1,8,0,0,53,4420,1,30,2,0,4
2,3,67267.0,0,1,2,0,0,68,4251,1,251,2,0,10
2,4,57338.0,96,2,5,0,0,51,4265,1,237,2,0,10
0,5,50523.0,89,2,6,0,0,66,4390,2,91,2,0,6
4,2,50611.0,98,6,6,0,0,66,4837,1,493,0,1,16
4,3,56242.0,72,5,6,0,0,57,4687,1,971,0,0,23
2,4,48904.0,1,4,8,0,0,66,4778,1,371,0,0,13
2,4,56243.0,26,6,5,0,0,51,4385,3,396,0,0,14
2,3,21355.0,5,2,6,0,1,41,4517,1,68,2,1,5
3,5,57420.0,22,3,7,0,0,55,4573,1,322,0,1,12
3,5,51381.5,39,2,5,0,0,56,4658,1,317,0,0,12
3,2,46390.0,56,1,7,0,0,71,4259,1,222,2,0,9
0,5,54342.0,74,4,6,0,0,70,4565,2,177,2,0,8
2,5,51381.5,87,1,5,0,0,68,4868,2,45,2,0,4
0,4,51381.5,49,1,7,0,0,62,4372,2,21,2,0,3
2,3,20895.0,24,1,9,0,0,53,4835,1,45,2,0,5
2,3,92344.0,9,0,1,0,0,78,4369,0,1899,3,2,20
4,5,51381.5,17,1,7,0,0,54,4323,1,42,2,0,4
2,5,44964.0,35,1,8,0,0,46,4764,2,41,2,0,4
3,3,53761.0,7,6,5,0,0,54,4465,2,325,0,0,11
2,5,22682.0,51,3,4,0,0,53,4473,1,95,2,0,7
4,5,38887.0,17,1,7,0,0,54,4323,1,42,2,0,4
0,4,41658.0,30,2,4,0,0,51,4801,2,72,2,0,4
4,3,29791.0,21,2,5,0,0,54,4249,1,20,2,0,5
3,3,63915.0,2,2,5,0,0,70,4538,2,789,0,0,21
2,2,39996.0,85,1,6,0,0,52,4242,2,15,2,0,3
2,2,26759.0,65,2,6,0,0,54,4346,1,59,2,0,6
4,3,51039.0,11,2,7,0,0,57,4770,2,417,0,0,12
2,3,60544.0,92,4,6,0,0,65,4877,2,289,0,0,11
2,3,37716.0,4,2,7,0,0,73,4273,1,188,2,0,8
2,4,36864.0,53,3,8,0,1,69,4889,1,354,0,0,11
3,3,44511.0,39,6,8,0,0,56,4829,1,727,0,0,20
4,3,36947.0,49,4,9,0,0,59,4895,2,146,2,0,7
3,3,67087.0,40,2,4,0,0,73,4398,1,794,0,0,20
2,3,57045.0,40,3,3,0,0,76,4863,1,454,0,0,15
4,2,36957.0,43,4,9,0,1,73,4865,2,152,0,0,7
4,3,69389.0,17,1,4,0,0,49,4843,1,797,0,0,21
3,3,43142.0,84,1,7,0,0,57,4335,2,20,2,0,3
2,3,80589.0,25,1,1,0,1,82,4362,0,1428,3,1,20
2,4,34412.0,62,3,9,0,0,36,4705,1,209,2,0,8
2,4,57537.0,83,4,4,0,0,47,4588,1,545,0,0,15
2,5,51315.0,45,1,2,0,0,78,4330,0,222,2,0,9
2,3,36026.0,34,2,6,0,0,54,4309,3,61,2,0,5
2,3,24639.0,3,3,6,0,0,53,4356,2,44,2,0,6
4,5,34578.0,1,1,6,0,0,54,4283,3,8,2,0,3
0,4,65704.0,18,1,1,0,0,54,4463,0,817,1,0,22
4,5,54132.0,81,1,7,0,0,57,4337,1,42,2,0,4
2,3,28164.0,23,3,7,0,0,56,4625,1,78,2,0,6
4,3,34596.0,48,1,8,0,0,52,4646,1,23,2,0,3
4,3,43269.0,61,1,8,0,0,54,4490,1,19,2,0,3
0,4,38741.0,60,2,7,0,0,68,4295,2,61,2,0,5
2,4,31907.0,75,1,7,0,0,54,4686,0,449,2,0,13
0,2,31163.0,54,1,6,0,0,53,4340,1,38,2,0,4
2,3,92533.0,84,1,2,0,0,41,4396,0,1131,3,2,22
2,4,34853.0,75,2,6,0,0,53,4392,2,34,2,0,5
2,2,70844.0,16,5,7,0,0,59,4446,2,294,0,0,12
0,3,31086.0,79,2,8,0,0,47,4625,2,48,2,1,4
0,5,20491.0,16,1,7,0,0,40,4724,0,30,2,0,3
2,3,42523.0,96,1,2,0,0,62,4271,0,125,2,0,6
2,5,33402.0,60,3,8,0,0,74,4550,2,70,2,0,6
3,3,36408.0,11,1,6,0,0,77,4485,2,22,2,0,3
2,5,21645.0,75,3,9,0,1,47,4868,1,65,2,0,6
3,6,78427.0,36,3,3,0,1,78,4817,0,1930,3,1,20
2,5,82657.0,71,1,4,0,0,80,4479,0,2283,3,2,22
2,3,51876.0,88,1,1,0,0,68,4461,0,310,1,0,12
0,3,78041.0,93,1,2,0,0,55,4764,0,1319,1,0,17
2,3,52852.0,93,4,8,0,0,69,4779,1,879,0,1,22
4,5,70038.0,54,1,2,0,0,44,4451,0,1244,1,0,16
0,5,69401.0,41,4,2,0,0,53,4302,1,690,0,0,13
2,5,46053.0,46,3,5,0,0,54,4701,1,209,2,0,9
2,3,77343.0,28,1,1,0,0,61,4224,0,1134,1,0,16
2,4,73892.0,40,1,1,0,1,73,4432,0,1507,1,0,22
4,4,40304.0,82,1,7,0,0,59,4476,1,57,2,0,5
4,5,32727.0,38,2,8,0,0,61,4874,0,529,0,0,15
2,2,43300.0,87,3,8,0,1,55,4828,1,180,2,0,8
2,5,26290.0,49,4,6,0,0,54,4737,2,77,2,0,6
2,4,93790.0,16,0,2,0,1,56,4341,0,2349,3,3,25
4,3,38410.0,65,2,6,0,1,52,4857,0,534,1,0,16
3,6,64866.0,9,4,5,0,0,76,4358,1,556,0,1,17
2,5,57957.0,24,7,3,1,0,67,4518,1,637,0,0,18
2,5,16531.0,43,3,7,0,0,48,4215,1,44,2,0,6
3,3,28072.0,10,1,7,0,0,40,4560,1,47,2,0,4
3,2,49476.0,29,4,2,0,0,63,4578,1,795,0,0,18
2,3,50725.0,45,4,8,0,0,73,4705,1,586,0,0,17
4,3,41145.0,20,1,3,0,0,76,4345,2,13,2,0,3
2,5,67419.0,29,4,5,0,0,56,4733,1,1471,1,0,21
0,3,23162.0,82,3,6,0,0,56,4394,2,65,2,0,5
2,3,34380.0,68,4,8,0,0,49,4627,1,175,2,0,8
2,4,34704.0,65,1,5,0,0,60,4632,1,40,2,0,4
4,3,94871.0,99,1,7,0,1,57,4870,2,1078,3,2,17
2,3,65148.0,9,2,4,0,0,68,4794,1,1115,0,0,19
2,5,39898.0,20,2,7,0,0,72,4706,1,134,2,0,7
4,3,59892.0,26,1,3,0,0,56,4443,1,87,2,0,6
3,4,41020.0,68,1,3,0,0,39,4448,0,217,2,0,9
4,3,57072.0,79,2,5,0,0,65,4360,1,1034,0,1,25
0,5,19414.0,32,1,8,0,0,45,4460,1,32,2,0,4
2,3,19107.0,49,2,7,0,0,46,4515,1,46,2,0,4
0,5,75484.0,50,2,4,0,0,50,4900,1,1159,1,0,16
3,4,70379.0,84,3,4,0,0,50,4687,1,860,0,0,22
3,5,79419.0,96,1,2,0,0,56,4211,0,1631,1,0,14
4,5,64014.0,56,7,7,0,0,80,4223,3,444,0,1,15
2,3,76998.0,85,2,6,0,0,71,4738,1,1910,1,1,27
3,5,49854.0,63,5,6,0,0,54,4435,1,380,0,0,13
4,3,60585.0,17,10,5,0,1,55,4574,2,736,0,0,20
4,2,42873.0,11,4,8,0,0,76,4728,2,269,0,0,11
2,5,87679.0,62,1,4,0,1,38,4541,0,2524,3,3,28
2,5,57867.0,48,7,6,0,0,48,4475,1,612,0,0,18
2,3,35765.0,86,2,6,0,0,36,4404,1,75,2,0,6
2,3,65492.0,73,2,2,0,0,67,4358,0,1045,1,0,24
2,2,32952.0,36,1,7,0,0,49,4414,1,55,2,0,5
4,5,53374.0,34,6,9,0,1,57,4886,1,1064,0,1,15
2,5,71706.0,16,4,5,0,0,67,4797,1,1443,1,0,21
2,3,68487.0,48,1,4,0,0,38,4736,0,1366,1,0,29
3,5,53253.0,61,7,5,0,0,51,4707,2,436,0,0,12
2,3,42014.0,56,6,8,0,1,49,4885,1,436,0,0,14
3,3,54108.0,74,13,8,0,0,53,4805,2,747,0,0,19
4,4,49667.0,35,2,8,0,1,71,4882,0,1396,0,1,20
3,3,63206.0,65,1,2,0,0,52,4305,0,928,1,1,13
3,3,57136.0,48,9,6,0,0,54,4559,2,642,0,0,17
0,5,46772.0,88,6,8,0,0,51,4803,1,1048,0,1,24
4,3,78931.0,19,1,1,0,0,55,4451,0,943,1,0,23
2,5,53977.0,21,5,5,0,0,68,4590,1,907,0,0,22
2,3,73538.0,92,3,7,0,0,61,4785,1,1658,1,0,23
2,3,79529.0,1,1,2,0,0,40,4267,0,1638,1,0,21
0,5,20981.0,14,1,8,0,1,49,4629,0,73,2,0,6
2,4,51766.0,74,2,5,0,0,46,4314,1,275,2,0,10
2,3,55759.0,84,5,8,0,0,64,4782,1,854,0,0,21
3,3,37787.0,50,1,8,0,0,54,4486,1,106,2,0,6
2,4,27242.0,2,2,9,0,1,56,4799,1,106,2,0,5
4,4,87188.0,73,1,3,0,1,43,4595,0,1923,1,0,18
2,5,69930.0,21,1,3,0,0,55,4603,0,1662,1,0,21
2,4,37697.0,82,1,6,0,0,50,4346,1,84,2,0,6
2,4,3502.0,56,0,14,0,0,53,4646,1,5,2,0,0
2,3,58597.0,20,12,7,0,0,50,4790,2,733,0,0,20
4,6,82032.0,54,0,1,0,0,78,4289,0,1234,1,0,17
2,5,28087.0,77,3,7,0,0,68,4769,2,112,2,0,6
4,4,74004.0,5,1,3,0,1,39,4329,0,1658,3,2,14
2,5,19740.0,65,2,5,0,0,66,4666,1,55,2,0,5
0,3,57036.0,33,4,9,0,0,51,4769,1,1513,0,1,22
0,5,53083.0,65,6,7,0,0,68,4614,2,271,0,1,11
4,3,69283.0,41,4,5,0,0,51,4219,1,904,0,0,23
3,4,46098.0,86,4,8,0,1,51,4884,2,120,2,0,7
0,3,23331.0,92,2,8,0,0,38,4867,1,103,2,0,6
0,4,23331.0,97,6,9,0,0,38,4836,1,269,2,0,11
2,4,9255.0,91,1,8,0,0,37,4395,1,22,2,0,4
4,6,67786.0,0,1,1,0,1,67,4408,0,1156,1,0,15
4,3,71969.0,59,3,8,0,0,55,4825,1,1086,0,1,16
3,4,59235.0,4,3,7,0,0,59,4737,1,1128,0,0,25
2,5,31928.0,5,2,7,0,0,37,4297,1,72,2,0,7
3,5,74881.0,48,4,5,0,0,65,4682,2,964,0,0,23
2,3,65819.0,99,1,3,0,0,48,4781,0,1383,1,0,19
4,4,51411.0,81,1,5,0,0,73,4603,3,18,2,0,3
2,2,51983.0,95,3,7,0,0,62,4871,1,793,0,0,21
0,3,30390.0,5,1,6,0,0,39,4504,0,80,2,0,5
2,4,30983.0,50,1,8,0,1,63,4801,0,167,2,0,7
2,6,66033.0,76,2,7,0,0,69,4729,1,677,0,0,18
0,3,37284.0,46,1,6,0,0,51,4661,2,23,2,0,3
3,2,57530.0,68,1,1,0,0,75,4464,1,92,2,0,6
0,3,76800.0,33,1,1,0,0,61,4317,0,641,1,0,15
2,3,63943.0,50,1,5,0,0,70,4869,1,1106,1,0,16
3,3,37054.0,89,2,7,0,0,59,4491,2,25,2,0,4
3,5,47175.0,81,7,8,0,1,64,4813,2,240,0,1,10
2,2,31859.0,77,1,7,0,0,50,4584,1,20,2,0,3
2,2,27215.0,50,4,6,0,0,65,4726,3,102,2,0,7
4,2,70179.0,10,3,5,0,0,50,4547,1,1034,0,0,23
2,3,24645.0,16,1,8,0,0,38,4809,1,17,2,0,3
2,2,79865.0,12,1,1,0,0,72,4215,1,792,1,0,20
2,3,44322.0,30,2,8,0,0,41,4217,1,92,2,0,6
2,4,47958.0,8,2,5,0,0,74,4730,1,407,0,0,14
3,4,63972.0,93,4,4,0,0,62,4778,1,1269,0,1,19
2,5,75315.0,14,2,2,0,0,72,4279,1,841,1,0,21
4,3,55517.0,53,5,9,0,1,76,4844,2,633,0,0,18
4,3,75283.0,26,11,4,0,0,69,4663,3,1019,0,0,14
3,4,90638.0,29,1,1,0,1,35,4340,0,2525,3,1,17
3,3,27161.0,41,1,7,0,0,40,4448,1,52,2,0,4
4,5,38201.0,19,4,8,0,0,66,4661,1,268,0,0,11
2,5,45203.0,4,1,6,0,1,44,4302,2,147,2,0,7
4,5,81574.0,89,1,1,0,0,79,4266,0,1798,3,2,17
3,4,60482.0,81,1,7,0,0,50,4726,1,507,0,0,16
2,5,34633.0,31,1,6,0,0,70,4361,3,15,2,0,3
3,5,78093.0,53,1,1,0,0,79,4404,0,1105,1,0,16
2,2,82460.0,78,1,1,0,0,76,4413,0,974,1,0,14
3,5,45903.0,80,2,4,0,0,60,4271,1,66,2,0,6
2,2,81361.0,18,1,1,0,1,39,4328,0,778,1,0,26
4,2,35860.0,37,2,5,0,1,53,4245,2,49,2,1,4
3,5,40442.0,52,4,7,0,1,74,4883,2,169,0,0,8
2,3,61482.0,39,1,2,0,0,61,4206,0,299,1,0,11
2,3,34968.0,11,7,7,0,0,46,4649,1,221,0,0,10
2,3,75794.0,33,1,3,0,0,39,4391,0,1682,1,1,24
2,3,74268.0,83,1,2,0,0,71,4704,0,892,1,0,12
1,5,13724.0,43,1,9,0,0,38,4871,1,58,2,1,4
4,4,52569.0,54,1,3,0,0,59,4289,1,95,2,0,6
4,4,48432.0,3,5,8,0,1,53,4823,1,424,0,0,14
2,4,36108.0,68,3,9,0,0,42,4461,1,339,2,1,12
2,3,76445.0,2,1,6,0,0,55,4843,1,1410,1,0,20
4,3,36663.0,40,1,2,0,0,51,4269,1,35,2,0,5
3,3,53843.0,64,4,7,0,0,61,4571,1,562,0,0,16
3,3,90226.0,26,1,2,0,0,70,4845,0,2352,1,1,23
3,2,70638.0,69,1,3,0,0,71,4597,0,1334,1,1,19
2,5,44512.0,57,2,4,0,0,66,4507,2,32,2,0,4
2,3,27116.0,78,2,7,0,0,65,4323,2,41,2,0,5
4,3,54072.0,71,1,8,0,0,63,4541,2,39,2,0,4
2,3,71855.0,59,4,3,0,0,49,4733,1,1141,1,0,21
0,4,51250.0,28,5,9,0,0,36,4660,1,710,0,1,19
3,3,60432.0,61,5,6,0,0,53,4316,1,401,0,0,14
0,3,12393.0,38,1,9,0,0,48,4776,0,57,2,0,5
2,4,64509.0,19,1,4,0,1,36,4520,0,1722,3,1,18
2,4,33955.0,92,4,8,0,0,51,4528,1,270,2,0,11
2,3,31353.0,24,2,8,0,1,49,4386,2,31,2,0,4
2,3,55434.0,21,3,4,0,0,42,4471,1,882,1,0,21
2,5,28359.0,35,1,7,0,0,43,4449,1,16,2,0,3
2,4,57100.0,9,2,3,0,0,39,4246,1,311,2,0,12
3,3,52973.0,92,7,8,0,0,70,4802,1,1152,0,0,24
4,5,51717.0,55,1,7,0,0,61,4517,1,122,2,1,7
2,3,18793.0,14,3,8,0,0,55,4737,1,77,2,0,6
2,4,50664.0,64,9,9,0,0,67,4733,2,561,0,0,15
2,5,54414.0,49,4,4,0,0,63,4726,2,211,0,0,9
4,3,54549.0,8,2,7,0,0,74,4322,1,233,0,0,10
4,6,47111.0,35,6,9,0,0,55,4863,1,1092,0,0,15
4,2,41003.0,11,1,6,0,0,63,4673,0,601,1,0,16
2,5,19444.0,8,3,7,0,1,44,4331,1,54,2,0,7
0,5,36301.0,53,1,7,0,0,50,4451,1,78,2,0,6
4,5,42731.0,64,3,5,0,0,57,4455,1,244,2,0,10
4,3,52854.0,43,2,5,0,0,67,4301,2,116,2,0,7
2,5,22775.0,40,1,8,0,0,48,4579,1,15,2,0,3
4,3,59821.0,11,6,8,0,0,71,4647,1,734,0,0,20
2,2,50002.0,21,2,7,0,0,72,4581,1,638,0,0,17
2,3,69755.0,23,1,1,0,0,81,4474,0,894,1,0,21
2,3,44078.0,17,2,5,0,0,57,4214,2,41,2,0,5
3,5,30560.0,6,1,7,0,0,50,4571,1,31,2,0,4
3,5,35924.0,56,1,5,0,0,57,4302,2,34,2,0,4
4,2,64140.0,71,5,5,0,1,62,4483,2,1750,3,3,13
2,5,56386.0,51,8,9,0,0,45,4814,2,612,0,0,17
0,5,75774.0,27,1,4,0,0,45,4262,1,823,1,0,20
3,2,39228.0,1,1,4,0,0,66,4619,0,20,2,0,3
3,3,58494.0,56,2,6,0,0,52,4403,1,396,0,0,14
2,4,58684.0,71,1,2,0,0,45,4217,0,813,1,1,20
2,2,57136.0,18,1,6,0,1,59,4611,0,1179,1,0,19
4,6,56551.0,48,3,4,0,0,76,4257,2,138,2,0,7
2,3,22448.0,86,3,3,0,0,44,4327,1,55,2,0,6
2,4,82014.0,48,1,6,0,1,65,4882,0,1511,1,0,21
2,6,34213.0,2,3,9,0,1,63,4864,2,117,2,0,6
4,6,25358.0,57,2,6,0,0,79,4546,1,32,2,0,4
3,4,35544.0,77,1,7,0,0,48,4317,1,67,2,0,5
3,5,36634.0,0,3,7,0,0,72,4601,1,335,0,0,12
4,3,62670.0,57,1,3,0,0,72,4351,1,825,0,0,21
0,5,50334.0,24,6,6,0,0,54,4544,1,694,0,0,17
2,4,72066.0,55,1,2,0,1,45,4210,0,1792,3,2,16
4,4,50729.0,62,9,6,0,0,68,4627,2,496,0,0,15
2,5,34916.0,89,4,9,0,0,58,4614,2,231,2,0,9
2,2,64892.0,77,2,4,0,0,50,4235,1,902,0,0,22
2,4,43602.0,45,3,6,0,0,60,4374,2,68,2,0,6
0,4,41473.0,80,1,7,0,0,41,4579,1,76,2,0,5
4,3,63246.0,60,1,4,0,0,59,4517,2,772,0,0,21
4,3,36732.0,71,3,2,0,0,67,4386,2,47,2,0,6
4,4,37929.0,49,2,7,0,1,41,4538,0,265,3,2,11
2,5,86610.0,66,1,2,0,0,75,4501,0,1603,1,0,17
3,3,80141.0,20,1,6,0,1,40,4738,0,2091,3,1,21
2,3,69016.0,61,4,5,0,0,56,4788,1,1533,1,0,30
0,5,20193.0,18,1,4,0,0,35,4782,0,82,2,0,6
2,3,27573.0,45,4,8,0,0,51,4665,1,244,2,0,10
1,4,15862.0,26,1,8,0,0,47,4571,1,36,2,0,4
4,3,49544.0,0,2,7,0,0,50,4706,1,404,0,0,14
2,3,33228.0,28,1,7,0,0,46,4361,1,71,2,0,5
2,5,70440.0,49,1,3,0,0,48,4468,0,1572,1,1,22
2,5,38232.0,84,4,5,0,0,55,4367,2,122,2,0,7
4,3,22554.0,38,4,5,0,0,71,4807,2,41,2,0,6
4,3,23536.0,53,1,3,0,0,43,4229,1,10,2,0,3
2,3,49413.0,88,2,5,0,0,74,4451,1,304,0,0,11
2,3,42231.0,99,1,5,0,0,57,4300,2,37,2,0,4
3,2,78789.0,12,1,2,0,1,46,4894,0,1754,1,0,15
2,5,56534.0,35,4,8,0,1,58,4545,1,815,0,2,21
2,4,58350.0,5,4,6,0,0,55,4745,1,1001,0,0,23
2,4,49090.0,45,3,7,0,0,75,4549,1,688,0,0,18
3,2,61787.0,71,1,5,0,0,39,4562,0,1319,1,0,18
4,3,18169.0,40,1,8,0,0,41,4699,1,21,2,0,3
0,4,24336.0,82,1,7,0,0,45,4875,1,31,2,0,3
2,3,18222.0,70,1,8,0,0,36,4749,0,67,2,0,5
2,2,62335.0,87,2,2,0,0,74,4606,1,708,1,0,19
0,5,42033.0,95,1,7,0,0,55,4852,2,25,2,0,3
4,3,86580.0,72,0,1,0,0,43,4691,0,746,1,1,11
4,2,41437.0,5,1,7,0,0,69,4849,2,32,2,0,4
3,6,73705.0,86,2,5,0,0,75,4320,2,1695,1,0,23
2,3,61064.0,80,5,6,0,0,50,4871,1,1080,0,0,23
2,4,18358.0,49,3,7,0,0,37,4425,1,57,2,0,7
4,5,55012.0,85,6,5,0,0,53,4304,1,660,0,0,19
1,5,9722.0,7,4,8,0,1,53,4839,1,103,2,0,7
4,3,38175.0,6,3,7,0,0,42,4483,1,153,2,0,8
3,5,58656.0,25,4,6,0,0,70,4851,1,1220,0,1,28
2,5,52117.0,55,2,7,0,0,61,4886,1,279,0,0,11
2,3,64813.0,81,1,5,0,0,48,4382,1,745,1,0,19
4,3,54222.0,98,1,3,0,0,53,4324,1,264,2,0,11
2,3,83512.0,31,1,1,0,1,40,4216,0,2157,3,4,21
3,3,77520.0,30,1,4,0,1,67,4509,1,1526,3,3,22
2,5,41154.0,98,1,5,0,0,48,4650,1,69,2,0,5
2,3,80398.0,92,1,3,0,0,60,4800,0,1597,1,1,25
1,4,18746.0,41,2,6,0,0,34,4235,1,64,2,0,6
2,5,35196.0,68,6,8,0,0,42,4797,1,497,0,0,12
2,4,60230.0,78,2,5,0,0,70,4609,1,1067,0,0,15
2,3,22108.0,46,2,7,0,0,49,4256,2,31,2,0,5
2,5,44392.0,71,5,7,0,0,52,4501,2,211,2,0,9
4,3,55424.0,6,4,6,0,1,50,4785,1,877,0,1,21
2,3,17688.0,82,1,8,1,0,47,4736,1,11,2,0,3
4,3,92491.0,71,1,3,0,1,43,4628,0,2034,3,3,24
2,4,90273.0,32,1,2,0,1,35,4401,0,1991,3,3,18
4,6,82571.0,28,0,2,0,0,64,4292,0,1686,1,1,24
4,4,38513.0,20,5,8,0,1,44,4356,1,324,2,0,12
3,4,16653.0,10,3,6,0,1,47,4276,1,69,2,0,6
2,5,42586.0,7,5,8,0,1,71,4812,2,252,0,0,11
1,4,23529.0,67,1,6,0,0,61,4742,1,54,2,0,4
2,3,71107.0,61,2,4,0,0,75,4701,1,1327,1,0,26
4,5,46910.0,36,2,6,0,0,62,4302,2,68,2,0,5
2,2,37244.0,90,1,7,0,0,71,4632,2,55,2,1,4
2,5,82427.0,35,1,1,0,0,60,4313,0,1456,1,1,20
0,4,75342.0,38,1,4,0,0,68,4623,1,563,1,0,17
2,2,70044.0,46,4,5,0,0,72,4700,1,1504,0,0,22
2,3,77437.0,70,1,1,0,0,63,4419,0,1125,1,1,22
2,3,54984.0,51,4,7,0,0,67,4240,1,358,0,1,13
4,3,42403.0,18,1,8,0,0,55,4404,1,42,2,0,4
2,5,55761.0,97,2,6,0,0,62,4270,1,184,2,1,8
2,5,37292.0,32,5,8,0,0,43,4641,1,460,0,0,14
4,4,45576.0,9,1,8,0,1,81,4236,0,145,2,0,7
2,5,70321.0,6,1,4,0,1,79,4733,0,1376,1,0,24
4,2,58086.0,80,2,8,0,0,57,4729,1,792,0,0,21
2,3,81795.0,74,1,2,0,0,74,4815,0,1382,1,0,22
1,5,28389.0,49,1,7,0,0,79,4790,0,28,2,0,3
2,2,69901.0,95,3,5,0,0,57,4600,1,882,0,0,20
4,3,80360.0,56,2,2,0,0,77,4687,0,2231,3,3,13
4,5,63342.0,48,3,6,0,1,65,4825,1,1101,0,1,16
0,4,31859.0,3,1,7,0,0,46,4326,1,48,2,0,4
4,6,51569.0,39,4,8,0,1,77,4706,1,467,0,1,15
1,4,16014.0,42,4,3,0,0,47,4673,2,38,2,0,6
2,3,41120.0,80,3,6,0,0,58,4439,2,81,2,0,6
3,4,39763.0,9,2,9,0,1,55,4533,1,167,2,0,8
4,3,38725.0,52,2,4,0,0,71,4254,2,45,2,0,5
2,3,77981.0,78,3,5,0,0,54,4603,1,664,1,0,18
0,3,62905.0,68,3,4,0,0,62,4496,1,622,1,0,17
0,2,13533.0,45,2,7,0,0,47,4680,1,48,2,0,5
2,5,59481.0,47,2,2,0,0,51,4453,1,461,0,0,14
2,3,72117.0,34,1,5,0,0,49,4517,1,1073,0,0,25
0,3,21955.0,81,2,6,0,0,40,4499,1,55,2,0,6
2,3,67131.0,72,3,6,0,0,70,4664,1,976,0,0,23
4,4,36802.0,23,1,5,0,0,46,4217,1,20,2,0,4
3,3,47808.0,30,2,7,0,0,51,4456,1,224,2,1,8
4,2,25509.0,15,3,9,0,1,52,4853,1,101,2,0,6
4,5,85431.0,54,1,0,0,0,74,4590,0,1165,1,0,16
2,3,42664.0,44,1,6,0,0,59,4307,1,24,2,0,4
4,3,28973.0,59,2,8,0,0,49,4828,0,269,2,0,11
4,5,39435.0,16,1,7,0,0,53,4531,1,102,2,0,6
0,3,65370.0,1,1,1,0,0,42,4536,0,461,1,0,18
1,4,20194.0,64,2,6,0,0,47,4763,1,47,2,0,5
4,4,42473.0,72,3,5,0,0,50,4336,2,144,2,0,7
2,3,64590.0,98,1,6,0,0,58,4827,0,1338,1,0,23
2,5,71232.0,91,2,7,0,0,67,4417,1,917,0,0,23
2,5,34600.0,8,5,8,0,1,55,4748,2,318,0,0,12
2,4,46904.0,20,4,8,0,0,59,4807,2,253,0,0,10
2,3,49094.0,6,5,6,0,0,53,4850,1,502,0,0,15
2,5,36075.0,54,1,6,0,0,43,4406,1,119,2,0,6
0,5,60839.0,72,13,8,0,0,47,4874,2,1250,0,0,16
0,5,82122.0,89,1,1,0,0,64,4522,0,1382,1,1,25
2,5,34074.0,69,5,6,0,0,74,4555,2,255,0,1,9
3,3,28520.0,55,1,6,0,0,66,4584,2,43,2,0,4
2,4,62535.0,13,1,3,0,0,71,4473,1,398,0,0,13
3,4,36273.0,80,2,6,0,0,49,4278,1,76,2,0,6
2,5,63404.0,97,2,4,0,0,62,4227,2,902,0,1,13
2,5,78416.0,99,2,3,0,0,50,4206,1,1179,1,0,24
2,5,75702.0,87,1,6,0,0,52,4827,1,1921,1,1,28
3,5,59385.0,85,2,5,0,0,75,4631,2,185,2,0,8
2,3,44689.0,82,2,7,0,0,75,4374,2,34,2,1,4
4,4,7144.0,92,0,0,0,0,60,4408,2,416,0,0,25
2,3,90369.0,2,1,1,0,1,70,4266,0,1588,1,0,16
4,4,63159.0,74,1,3,0,0,52,4805,0,1797,1,1,16
4,4,46757.0,71,6,9,0,0,63,4794,1,1143,0,0,15
3,3,79734.0,72,1,1,0,0,57,4205,0,914,1,1,13
2,5,63207.0,68,1,7,0,0,34,4729,0,1502,1,1,11
2,2,72071.0,4,3,2,0,0,72,4704,1,1338,1,0,17
4,5,21840.0,80,1,9,0,0,43,4547,1,27,2,0,4
0,5,58582.0,15,2,5,0,0,44,4478,1,763,0,1,20
2,4,72282.0,70,1,7,0,1,75,4549,0,1331,1,0,21
2,3,50387.0,91,3,5,0,0,70,4506,2,525,0,0,16
4,5,32583.0,10,1,7,0,0,65,4218,2,9,2,0,3
2,5,62568.0,99,3,4,0,0,64,4287,1,953,0,1,13
3,2,44635.0,25,2,7,0,0,55,4465,2,68,2,0,5
2,3,63967.0,57,3,2,0,0,58,4528,1,882,1,0,20
0,5,52513.0,84,2,7,0,0,48,4867,0,1149,1,0,23
2,3,25293.0,51,1,8,0,0,57,4491,1,37,2,0,4
4,6,54111.0,97,2,5,0,0,61,4512,1,388,0,0,13
2,5,78394.0,13,1,2,0,1,40,4703,0,1428,1,0,15
3,3,80739.0,92,1,1,0,0,68,4606,0,1633,1,0,23
3,5,22669.0,30,3,9,0,1,51,4607,1,173,2,0,7
2,4,29236.0,30,2,9,0,0,39,4468,1,99,2,0,7
2,5,44911.0,11,3,7,0,0,67,4675,1,215,2,0,9
4,3,54693.0,72,8,6,0,0,64,4701,1,929,0,0,23
2,5,48186.0,39,3,7,0,0,52,4305,1,219,2,0,9
2,3,54809.0,0,4,4,0,1,49,4495,2,174,2,0,8
2,5,41580.0,15,3,5,0,0,48,4770,2,92,2,0,6
4,3,80336.0,12,1,1,0,0,56,4497,0,1052,1,0,24
2,3,47743.0,56,3,6,0,0,69,4668,1,275,0,1,11
0,3,62972.0,39,2,6,0,0,71,4899,1,587,0,0,14
4,2,57333.0,55,11,6,0,1,72,4849,1,1662,0,0,22
4,5,32313.0,60,3,9,0,0,44,4707,1,159,2,0,8
3,6,84953.0,73,1,2,0,1,73,4595,0,1024,3,3,17
3,2,27071.0,90,2,6,0,0,58,4271,1,35,2,0,5
3,5,68148.0,86,1,2,0,0,69,4506,0,1042,1,0,14
3,5,65735.0,37,5,7,0,0,61,4408,2,395,0,0,14
4,3,86836.0,7,1,5,0,1,51,4859,0,557,3,3,22
4,3,4023.0,29,15,19,0,0,63,4210,2,9,0,0,0
2,3,30093.0,19,1,7,0,0,36,4560,0,69,2,0,5
4,3,57705.0,14,3,6,0,0,60,4373,1,486,0,0,15
2,4,25008.0,72,2,8,0,0,38,4351,1,34,2,0,4
0,4,83257.0,56,1,6,1,1,31,4853,0,1365,3,2,27
2,5,22280.0,85,1,8,0,0,51,4610,1,13,2,0,3
4,3,72159.0,62,1,2,0,0,48,4812,0,1401,1,0,20
2,5,64260.0,1,1,3,0,1,65,4738,0,1574,1,0,13
4,4,82733.0,28,1,4,0,1,42,4496,0,1323,1,0,19
3,2,74290.0,70,4,6,0,0,55,4525,1,1217,0,2,28
3,4,58217.0,84,1,6,0,0,75,4793,3,103,2,0,6
3,5,21024.0,89,1,7,0,0,50,4564,0,84,2,0,6
4,3,70116.0,73,1,1,0,0,54,4723,0,1536,1,0,22
2,5,54006.0,42,2,7,0,0,41,4853,1,581,0,0,16
4,3,69063.0,16,1,3,0,0,60,4803,1,928,0,0,13
0,2,11448.0,16,1,6,0,0,51,4400,0,14,2,0,3
2,3,70886.0,65,1,2,0,0,55,4462,1,960,1,0,13
2,6,60208.0,13,11,7,0,1,53,4834,2,656,0,1,18
3,5,32889.0,78,3,5,0,0,58,4500,2,55,2,0,6
2,4,34738.0,51,1,6,0,0,42,4253,1,20,2,0,4
3,5,30538.0,27,4,10,0,0,55,4840,1,367,0,0,13
0,5,82326.0,30,1,2,0,1,49,4315,0,2257,3,3,21
4,2,26642.0,71,2,6,0,0,59,4324,1,42,2,0,5
2,2,69932.0,97,2,4,0,0,62,4586,1,1049,1,0,24
2,4,44503.0,83,2,6,0,0,54,4278,2,48,2,0,5
4,4,60200.0,3,6,6,0,0,78,4747,1,685,0,0,19
2,2,49638.0,71,1,2,0,0,74,4275,1,39,2,0,4
0,4,23830.0,3,1,7,0,0,39,4346,0,43,2,0,4
3,6,33051.0,15,3,9,0,1,67,4886,0,835,1,0,18
2,3,72905.0,52,1,1,0,0,68,4363,0,1515,1,1,19
4,5,69702.0,8,2,4,0,0,75,4699,1,1039,0,0,24
2,2,70300.0,89,3,8,0,0,51,4553,1,1596,1,0,23
4,3,70643.0,66,1,6,0,1,42,4826,0,1828,1,0,17
4,3,30396.0,22,2,7,0,1,57,4264,1,34,2,1,4
4,2,50616.0,56,2,7,0,0,58,4276,1,149,2,0,8
3,4,62772.0,74,1,2,0,0,57,4610,1,946,0,1,22
4,4,30298.0,48,1,3,0,0,41,4245,0,28,2,0,5
2,4,52413.0,67,2,7,0,0,42,4807,1,450,2,0,15
4,3,44155.0,24,1,4,0,0,69,4365,2,46,2,0,4
4,2,86979.0,67,1,2,0,1,55,4438,0,1702,3,1,15
2,5,76532.0,38,4,5,0,0,51,4497,2,820,0,0,21
2,3,42081.0,86,2,6,0,0,44,4692,1,382,2,1,13
3,5,88420.0,87,1,1,0,0,37,4262,0,2069,3,3,19
2,3,31158.0,62,2,8,0,0,41,4722,1,72,2,0,5
2,2,61671.0,23,8,8,0,0,58,4230,1,732,0,2,20
2,4,69719.0,99,1,1,0,0,52,4238,0,801,1,0,10
2,2,49160.0,29,2,6,0,0,77,4456,1,236,2,0,10
4,4,90933.0,90,1,1,0,0,72,4294,0,1685,1,1,14
4,4,113734.0,9,0,1,0,0,81,4236,0,277,1,0,27
2,4,22148.0,16,1,7,0,0,43,4281,0,49,2,0,4
3,3,73395.0,94,1,2,0,0,39,4307,0,397,1,0,14
2,2,29819.0,77,3,6,0,0,55,4452,1,39,2,0,6
2,3,45688.0,20,2,4,0,0,58,4359,1,306,2,1,12
4,3,60491.0,81,4,5,0,0,55,4500,1,1028,0,0,24
2,5,33235.0,71,1,7,0,0,40,4348,1,70,2,0,6
2,3,35701.0,36,1,6,0,0,67,4671,0,46,2,0,4
3,3,31535.0,95,1,7,0,0,46,4480,1,51,2,1,4
0,5,92556.0,32,0,0,0,0,66,4274,0,1263,1,0,21
2,4,67384.0,32,2,5,0,0,56,4800,1,1490,1,1,20
2,3,77870.0,93,3,8,0,1,59,4880,1,1815,3,2,15
4,6,52278.0,24,6,8,0,0,63,4724,1,1198,0,0,25
2,4,57107.0,44,7,8,0,1,58,4878,1,416,0,2,16
4,4,36038.0,82,2,6,0,0,45,4598,1,47,2,0,6
4,5,34230.0,72,1,7,0,0,61,4754,2,21,2,0,3
0,4,31878.0,7,1,3,0,0,49,4211,1,70,2,0,5
0,3,70932.0,57,2,3,0,0,54,4365,1,909,1,0,20
2,4,91249.0,84,0,4,0,1,70,4821,0,1676,3,4,22
3,4,77598.0,53,1,3,0,0,83,4475,0,1735,1,1,25
2,4,80982.0,48,3,5,1,0,67,4741,2,1191,1,0,27
3,3,22701.0,2,1,5,0,0,49,4501,1,24,2,0,4
2,3,70617.0,45,1,2,0,0,56,4575,0,1280,1,0,13
2,4,64849.0,42,1,5,0,1,69,4797,0,1336,1,0,18
3,3,62694.0,29,5,7,0,0,61,4581,2,749,0,0,19
4,3,61917.0,83,1,5,0,0,52,4425,2,91,2,0,6
4,3,67472.0,93,2,3,0,0,79,4478,1,414,0,0,13
3,3,21059.0,40,3,6,0,0,44,4377,1,44,2,0,6
3,3,29543.0,47,2,7,0,0,58,4293,2,63,2,0,6
2,3,75903.0,50,2,3,0,0,75,4651,1,901,1,0,21
0,5,34984.0,40,2,7,0,0,51,4865,2,38,2,0,4
4,4,54998.0,3,5,4,0,1,70,4680,1,455,0,0,15
4,6,54356.0,62,3,8,0,1,77,4791,1,775,0,0,21
3,3,34242.0,25,1,5,0,0,67,4302,1,15,2,0,3
2,3,25410.0,48,1,4,0,0,53,4506,1,38,2,0,5
4,3,73356.0,56,1,2,0,1,42,4347,0,1512,3,3,21
2,5,28320.0,68,1,8,0,0,76,4735,1,43,2,0,4
2,4,23763.0,64,1,7,0,0,49,4895,1,42,2,0,4
2,3,72570.0,67,1,1,0,0,42,4269,0,1089,1,0,22
3,3,34529.0,94,2,7,0,0,50,4857,1,162,2,0,7
2,6,70792.0,82,2,3,0,0,75,4712,0,1272,1,0,17
2,3,63211.0,3,2,2,0,1,44,4808,0,1173,1,0,18
3,3,83891.0,24,1,1,0,0,52,4213,1,816,1,0,21
2,4,36065.0,54,3,8,0,0,58,4659,2,74,2,0,6
4,4,51141.0,96,1,5,0,0,86,4560,0,157,2,0,8
2,3,56939.0,19,2,3,0,0,50,4488,1,561,0,0,16
2,4,80872.0,60,1,1,0,0,75,4252,0,1336,1,0,18
4,5,72335.0,2,1,8,0,1,50,4889,0,2092,1,0,22
4,4,61798.0,13,1,4,0,0,62,4422,0,463,0,0,15
4,6,76842.0,37,1,0,0,0,76,4261,0,1130,1,0,16
2,5,29478.0,59,1,6,0,0,50,4367,1,20,2,0,4
2,4,46998.0,55,5,7,0,0,70,4819,1,377,0,1,13
2,4,96843.0,60,1,2,0,1,36,4636,0,1544,3,1,27
3,3,70053.0,38,3,5,0,0,61,4565,1,1012,1,0,23
4,6,71670.0,8,1,6,0,1,64,4559,0,1766,3,3,14
2,3,44359.0,19,3,3,0,0,48,4216,2,45,2,0,6
2,4,40887.0,32,3,9,0,1,74,4623,2,161,2,0,7
2,2,48877.0,27,1,7,0,0,60,4379,1,144,2,0,7
2,5,74485.0,58,1,3,0,0,79,4513,0,1734,1,0,25
2,5,64474.0,59,2,5,0,0,54,4454,1,823,0,0,20
2,5,77226.0,29,2,3,0,0,63,4325,1,1138,1,0,26
2,6,72643.0,60,1,2,0,1,77,4691,0,1429,3,1,20
3,5,85738.0,41,1,1,0,0,48,4361,0,1371,3,2,20
2,2,55686.0,27,2,4,0,0,60,4704,1,982,0,1,14
2,4,39062.0,28,1,4,0,0,43,4300,1,44,2,1,4
2,3,40794.0,18,2,7,0,0,51,4652,1,434,2,0,14
2,3,4428.0,0,0,1,0,0,57,4471,1,359,2,0,25
0,3,32632.0,32,2,5,0,0,63,4900,0,576,1,0,16
4,4,38236.0,2,4,7,0,0,58,4486,2,88,2,0,7
2,3,36781.0,16,1,8,0,1,47,4284,1,63,2,0,5
3,4,31385.0,56,1,8,0,1,42,4775,1,27,2,1,3
2,3,24570.0,97,3,9,0,0,42,4691,1,193,2,0,8
2,3,94642.0,35,0,1,0,0,75,4341,0,2211,3,2,21
3,3,58646.0,3,1,4,0,0,64,4588,1,140,2,0,7
2,4,53201.0,49,8,7,0,0,51,4706,2,415,0,0,14
2,3,57113.0,45,6,7,0,0,48,4712,2,263,0,0,10
2,3,51373.0,37,1,4,0,0,35,4576,0,393,2,0,11
2,3,23477.0,39,3,8,0,0,40,4455,1,147,2,0,7
2,3,58116.0,38,2,2,0,0,70,4281,1,443,0,0,14
4,2,72968.0,8,1,3,0,1,63,4399,0,1958,3,1,18
3,3,39791.0,89,2,7,0,0,55,4662,1,174,2,0,8
3,4,91712.0,47,0,3,0,1,79,4459,0,2217,3,1,27
2,4,94472.0,75,1,5,0,0,68,4291,1,1691,3,2,15
2,5,13672.0,86,2,8,0,0,66,4642,2,25,2,0,4
0,3,96547.0,4,0,2,0,1,46,4241,0,809,3,3,21
2,3,79205.0,73,1,4,0,1,51,4873,0,895,3,1,15
4,5,56559.0,46,3,4,0,0,51,4755,1,484,0,0,15
4,3,32644.0,38,4,8,0,0,53,4733,1,413,0,1,14
0,4,67506.0,73,1,3,0,0,46,4382,1,331,2,0,11
2,4,24206.0,66,1,6,0,0,56,4682,1,25,2,0,4
4,2,28420.0,36,1,6,0,0,59,4391,1,13,2,0,3
2,3,22979.0,29,3,8,0,1,56,4865,1,115,2,0,7
2,4,33279.0,29,1,3,0,0,60,4221,0,16,2,0,3
2,3,30368.0,97,2,8,0,0,49,4438,1,52,2,0,5
2,3,63684.0,61,3,5,0,0,56,4784,1,1464,1,0,20
2,2,41638.0,68,4,8,0,0,62,4705,1,441,0,1,13
4,2,68805.0,73,1,2,0,0,67,4489,1,283,0,0,11
4,5,65814.0,90,3,5,0,0,60,4323,1,747,0,0,20
2,2,71964.0,81,1,3,0,0,68,4609,0,1870,1,0,16
2,4,39146.0,1,3,8,0,0,40,4704,1,165,2,0,8
2,5,96876.0,79,1,2,0,1,49,4531,0,1941,3,3,23
1,3,34445.0,92,6,9,0,0,45,4722,0,839,0,0,21
2,4,68281.0,31,1,5,0,1,68,4895,0,1655,1,0,24
2,3,36790.0,14,1,9,0,1,43,4689,0,66,2,0,5
2,5,27943.0,89,3,8,0,0,59,4644,2,37,2,0,5
2,2,22263.0,31,2,6,1,0,75,4295,2,21,2,0,4
2,5,30261.0,75,1,8,0,0,54,4846,3,22,2,0,3
2,5,28587.0,42,3,6,0,0,48,4341,1,78,2,0,6
3,3,43815.0,53,1,6,0,0,44,4654,1,79,2,0,5
2,3,48195.0,53,6,6,0,0,70,4363,2,265,0,0,11
3,3,77027.0,23,2,4,0,0,74,4348,1,1175,0,0,17
4,3,71322.0,57,2,4,0,0,61,4702,1,1305,0,0,26
3,3,32765.0,49,2,5,0,0,47,4330,1,46,2,0,6
2,2,23272.0,29,1,4,0,0,73,4459,0,46,2,0,4
3,5,49912.0,5,4,8,0,1,77,4864,1,874,0,1,22
0,5,7500.0,98,4,9,0,0,41,4901,1,100,2,0,6
4,6,68117.0,80,2,6,0,1,79,4680,1,930,0,1,23
2,3,67225.0,4,3,5,0,0,71,4419,1,868,0,0,20
2,3,17649.0,70,3,8,0,0,50,4433,1,45,2,0,6
2,5,55914.0,32,4,7,0,0,51,4630,1,1260,1,0,25
2,3,40059.0,82,1,8,0,0,42,4478,1,414,2,1,11
2,5,60905.0,27,2,2,0,0,76,4410,1,392,0,0,13
2,3,75330.0,94,4,6,0,0,49,4837,2,1109,0,0,25
2,4,60689.0,23,4,3,0,0,75,4597,1,639,0,0,18
2,3,38680.0,97,1,7,0,0,42,4662,1,79,2,0,5
2,5,61416.0,25,1,6,0,0,44,4710,0,1665,1,1,23
2,4,49767.0,92,1,4,0,0,35,4627,0,692,1,0,17
2,4,83273.0,98,10,7,0,0,56,4846,3,1392,0,0,19
2,3,29009.0,19,2,6,0,0,45,4416,1,44,2,0,5
3,3,45057.0,80,1,5,0,0,47,4414,1,50,2,0,5
2,3,37150.0,80,8,7,0,0,55,4860,1,467,0,0,13
2,4,43020.0,79,3,6,0,0,56,4415,1,223,2,0,9
2,3,53154.0,50,1,4,0,0,67,4224,1,158,2,0,8
2,3,65308.0,60,1,4,0,0,53,4495,0,1211,3,2,27
2,4,76467.0,44,2,6,0,1,56,4885,1,1575,1,0,12
0,3,81044.0,0,1,1,0,0,79,4388,0,1208,1,0,21
2,3,32871.0,28,1,4,0,0,75,4681,2,43,2,0,4
2,4,55801.0,35,6,7,0,0,51,4484,2,527,0,1,15
2,6,76320.0,49,2,2,0,0,67,4211,1,932,0,0,13
3,4,36927.0,46,2,8,0,0,71,4231,2,71,2,0,6
2,5,48794.0,97,1,4,0,0,73,4207,2,54,2,0,4
2,4,23478.0,51,1,8,0,0,61,4671,0,129,2,0,6
2,2,71128.0,80,3,7,0,0,53,4835,1,1615,1,0,24
2,3,59462.0,29,2,7,0,0,76,4744,1,1088,0,0,23
3,5,51381.5,52,7,3,0,0,57,4611,2,721,0,0,18
4,4,51381.5,82,2,6,0,0,45,4598,1,47,2,0,6
2,5,42554.0,93,2,4,0,0,48,4737,2,41,2,0,5
2,6,67046.0,92,2,2,0,0,75,4743,1,993,1,0,13
2,3,42192.0,40,1,4,0,0,78,4500,0,100,2,0,6
4,3,77610.0,70,2,7,0,0,74,4812,1,1680,0,0,15
2,3,31761.0,96,2,5,0,0,42,4289,1,98,2,0,7
2,5,34350.0,81,1,7,0,0,47,4457,1,48,2,0,4
2,5,54591.0,63,3,5,0,0,77,4532,1,519,0,0,16
2,3,71866.0,85,1,3,0,0,70,4390,1,715,1,0,19
2,3,69520.0,95,1,5,0,0,43,4561,0,1455,1,0,20
2,2,64713.0,11,2,4,0,1,56,4346,1,602,1,0,17
3,3,27889.0,42,1,6,0,0,49,4563,1,26,2,0,4
1,6,22123.0,77,1,5,0,0,66,4298,0,102,2,0,6
2,3,51381.5,82,4,8,0,0,55,4687,2,97,2,0,6
3,5,51381.5,83,2,6,0,0,72,4575,1,207,2,0,9
2,3,27803.0,40,2,8,0,0,53,4876,1,176,2,0,7
2,4,51381.5,95,3,7,0,0,71,4458,1,450,0,0,12
2,3,51651.0,32,4,8,0,0,66,4803,1,433,0,0,13
3,6,51381.5,75,1,1,0,1,83,4446,0,1564,3,1,21
0,3,87000.0,61,1,2,0,0,34,4765,0,961,1,0,17
2,3,79823.0,6,1,2,0,0,67,4294,1,1518,1,1,22
2,4,30828.0,16,2,3,0,0,46,4472,1,56,2,0,6
3,3,34109.0,39,1,4,0,0,55,4439,1,22,2,0,3
3,2,53367.0,2,7,7,0,1,52,4506,2,400,0,0,14
1,5,22390.0,49,1,7,0,0,57,4455,0,26,2,0,3
2,5,71322.0,31,1,2,0,0,50,4262,1,350,2,0,12
2,0,79244.0,58,1,1,0,1,33,4761,0,1216,3,2,21
4,3,48699.0,90,1,5,0,0,76,4608,2,40,2,0,4
2,5,80144.0,47,1,1,0,0,51,4476,0,1367,1,0,18
2,4,54252.0,25,5,6,0,0,70,4601,2,264,0,0,10
3,3,81929.0,60,2,6,0,1,50,4842,1,2053,3,2,18
2,3,76068.0,67,1,6,0,0,51,4781,1,1376,0,2,9
3,3,53204.0,40,1,4,0,0,50,4305,2,45,2,0,4
0,3,14796.0,1,2,9,0,1,42,4854,1,51,2,0,4
4,3,78128.0,89,2,3,0,0,52,4334,1,1264,3,2,18
1,3,14188.0,40,1,6,0,0,54,4690,0,75,2,0,6
2,2,72967.0,1,2,5,0,1,56,4765,1,497,0,1,17
3,3,48150.0,24,3,7,0,0,77,4590,1,266,0,0,10
2,4,82332.0,89,1,2,0,1,65,4854,0,2006,3,1,20
2,6,58275.0,48,6,7,0,0,71,4596,2,615,0,0,17
4,5,44953.0,31,1,6,0,0,45,4759,0,1021,0,1,23
2,5,34587.0,68,2,4,0,0,73,4248,2,22,2,0,4
3,5,43018.0,46,1,5,0,0,52,4444,1,133,2,0,6
3,3,45736.0,92,5,7,0,0,72,4544,1,437,0,0,14
3,5,66476.0,80,2,4,0,0,57,4411,1,1013,0,0,24
0,3,27733.0,16,2,7,0,0,45,4511,1,57,2,0,5
4,5,69805.0,50,2,2,0,0,74,4363,1,1038,0,0,25
3,4,72217.0,93,1,2,0,0,64,4649,0,1573,1,0,21
2,2,25818.0,51,1,7,0,0,55,4823,1,28,2,0,3
3,5,37509.0,24,2,7,0,0,50,4859,1,123,2,0,7
0,5,25176.0,79,1,7,0,0,50,4527,2,13,2,0,3
2,3,43586.0,26,3,8,0,0,46,4872,1,132,2,0,7
0,3,53230.0,86,4,5,0,0,70,4899,1,732,0,0,19
2,5,50116.0,68,2,5,0,0,69,4213,2,66,2,1,5
4,3,82333.0,60,1,2,0,1,40,4660,0,1822,3,1,17
4,5,65220.0,3,4,6,0,1,61,4868,0,1282,0,0,19
2,5,33590.0,65,1,7,0,0,52,4442,3,8,2,0,3
3,4,72309.0,64,1,3,0,1,50,4679,0,1931,3,1,19
1,3,16005.0,69,3,8,0,0,46,4888,1,103,2,0,5
3,0,65487.0,48,3,2,0,0,69,4374,0,1169,1,0,14
2,3,58692.0,21,1,7,0,0,61,4288,1,395,2,0,14
2,6,40590.0,30,5,6,0,0,57,4474,2,258,0,1,10
3,2,62637.0,76,1,2,0,0,72,4324,1,185,2,0,9
3,2,29435.0,11,4,9,0,1,60,4896,2,180,2,0,7
2,2,19346.0,26,1,8,0,0,52,4354,1,22,2,0,4
2,3,35788.0,34,2,6,0,0,55,4361,2,44,2,0,5
2,2,36997.0,72,5,5,0,0,58,4717,2,94,2,0,7
2,3,23539.0,13,1,6,0,0,69,4325,0,81,2,0,6
2,4,65333.0,58,7,6,0,0,53,4367,1,798,0,2,21
2,4,78499.0,12,1,4,0,1,69,4422,0,1334,3,1,18
4,5,29732.0,23,1,9,0,0,55,4300,1,38,2,0,4
3,5,41275.0,33,4,5,0,0,66,4301,3,61,2,0,7
4,5,63516.0,30,4,5,0,0,53,4562,2,300,0,0,12
4,3,42769.0,15,2,4,0,0,64,4464,1,88,2,0,6
3,3,49572.0,25,2,7,0,0,68,4400,2,54,2,0,5
2,3,69209.0,4,2,4,0,0,54,4854,0,1782,1,1,14
2,3,17148.0,80,4,8,0,0,50,4356,1,68,2,0,7
0,3,32146.0,16,2,6,0,0,43,4252,1,66,2,0,6
0,2,41713.0,57,5,6,0,0,62,4265,2,174,2,0,8
3,5,34176.0,9,1,3,0,0,51,4362,1,28,2,0,4
4,3,58482.0,59,2,6,0,0,71,4313,1,731,0,1,20
2,4,59686.0,78,1,4,0,0,61,4359,1,274,2,0,11
4,3,60896.0,90,3,6,0,1,62,4830,1,1701,1,0,23
2,5,62994.0,74,1,6,0,0,46,4321,1,312,2,0,12
2,5,47320.0,10,6,6,0,0,69,4536,1,414,0,0,14
0,6,74859.0,63,1,3,0,0,77,4595,0,1565,1,1,22
1,4,15253.0,13,2,7,0,0,34,4448,1,29,2,0,4
4,4,31560.0,98,2,8,0,0,52,4574,1,94,2,0,6
3,4,91172.0,94,0,3,0,1,36,4663,0,1092,3,4,14
2,3,90000.0,91,1,1,0,0,42,4392,0,1479,3,3,17
2,4,41967.0,66,1,4,0,0,45,4422,2,54,2,0,4
2,4,69263.0,14,1,6,0,0,61,4320,1,568,0,1,17
0,2,65706.0,77,1,7,0,1,56,4570,0,1199,3,3,26
2,5,60934.0,41,2,4,0,0,51,4367,1,873,1,0,21
2,3,71965.0,21,3,3,0,0,75,4539,1,1213,0,0,14
2,3,65210.0,25,2,6,0,0,71,4315,1,731,0,2,20
4,3,79174.0,2,1,2,0,1,51,4738,0,2043,3,2,18
3,2,81380.0,51,1,2,0,0,59,4758,0,1893,1,0,16
4,7,48432.0,3,5,8,0,0,53,4823,1,424,0,0,14
2,3,52914.0,32,2,7,0,0,55,4742,1,575,0,1,13
2,3,26067.0,49,3,8,0,0,52,4441,1,56,2,0,6
4,3,44325.0,69,4,8,0,0,54,4683,1,542,0,1,17
1,4,26487.0,23,3,5,0,0,48,4609,1,69,2,0,6
0,3,53233.0,18,1,4,0,0,69,4307,1,40,2,0,4
2,3,67716.0,8,4,5,0,0,66,4739,1,1016,0,1,24
3,3,76234.0,21,1,3,0,0,54,4347,1,907,0,1,22
4,3,84117.0,60,1,2,0,0,70,4253,0,1566,1,1,23
3,5,65487.0,48,3,2,0,0,69,4374,0,1169,1,0,14
1,3,25224.0,36,2,3,0,0,54,4309,1,46,2,0,5
3,4,89616.0,36,1,2,0,1,43,4693,0,1644,1,0,24
2,2,40851.0,63,1,7,0,0,55,4697,2,59,2,0,4
2,3,27469.0,2,1,6,0,0,79,4900,0,17,2,0,3
0,3,82347.0,38,1,3,0,1,69,4804,0,1853,3,2,24
2,3,73803.0,61,2,6,0,1,69,4901,1,1528,3,1,20
3,4,8820.0,52,4,8,0,0,74,4668,2,35,2,0,6
2,4,43322.0,25,1,7,0,0,52,4273,0,141,2,0,7
2,5,55593.0,63,2,6,0,0,53,4516,1,546,0,1,15
2,3,50501.0,10,7,6,0,1,72,4580,2,500,0,1,13
2,3,37085.0,65,4,8,0,0,51,4207,2,61,2,0,6
1,4,16185.0,71,2,8,0,0,36,4532,1,106,2,0,6
2,4,57731.0,0,4,6,0,0,57,4787,1,704,0,0,22
4,7,48432.0,3,5,8,0,1,53,4823,1,424,0,0,14
2,3,73807.0,88,2,2,0,0,48,4747,1,849,1,0,21
2,4,35893.0,80,6,8,0,0,58,4826,2,199,0,0,9
2,3,61014.0,17,4,7,0,0,46,4891,1,1147,1,0,16
2,5,32144.0,76,4,7,0,0,72,4302,2,54,2,1,6
1,5,14918.0,52,1,6,0,0,63,4773,1,43,2,0,4
2,2,45146.0,28,2,4,0,0,63,4553,2,53,2,0,4
0,2,41769.0,31,6,8,0,0,71,4705,1,521,0,0,16
2,5,88325.0,42,1,2,0,0,45,4348,0,1623,1,0,17
3,2,38054.0,24,2,7,0,0,76,4263,2,45,2,0,5
0,4,80617.0,42,1,2,0,0,31,4829,0,1435,1,0,18
2,3,5305.0,12,0,13,0,0,50,4538,1,32,2,0,1
2,5,36807.0,88,1,6,0,0,72,4760,2,16,2,0,3
3,5,40101.0,73,4,7,0,0,41,4827,1,415,0,0,13
2,3,58025.0,81,3,4,0,0,47,4419,1,470,0,0,15
0,5,7500.0,7,4,7,0,0,47,4622,1,53,2,0,7
3,3,33562.0,33,3,4,0,0,63,4208,3,51,2,0,6
4,4,57642.0,24,3,4,0,0,56,4375,1,679,0,1,19
2,3,63777.0,87,8,8,0,0,47,4666,2,653,0,0,18
2,4,57967.0,39,5,5,0,0,64,4687,1,468,0,0,14
0,5,51381.5,53,0,0,0,0,48,4890,0,1679,1,1,1
2,3,24434.0,9,2,7,0,0,54,4246,2,50,2,0,5
2,4,11012.0,82,3,9,0,0,42,4674,1,84,2,1,6
3,4,44802.0,71,2,8,0,0,56,4881,0,1049,0,0,25
2,4,26816.0,50,1,4,0,0,40,4885,0,22,2,0,3
2,3,61223.0,46,2,5,0,0,59,4585,1,1341,1,0,16
2,2,56981.0,91,1,6,0,0,45,4359,0,1241,1,1,18
3,5,69245.0,8,2,3,0,0,70,4360,1,843,0,0,21
4,3,52869.0,40,3,7,0,1,72,4826,2,172,0,0,8
